{"id":"Orange Lake","name":"Orange Lake","ingredients":["Spinach","Orange","Celery","Spinach"]}
{"id":"Fruit Warehouse","name":"Fruit Warehouse","ingredients":["Beatroot","Lemon"]}
{"id":"ACID Sunshine","name":"ACID Sunshine","ingredients":["Tomatoe","Carrot","Beatroot","Apple"]}
{"id":"SQL Paths","name":"SQL Paths","ingredients":["Blueberry","Yogurt"]}
{"id":"Worth The Squeeze","name":"Worth The Squeeze","ingredients":["Cucumber"]}
{"id":"Fruits Of Labor","name":"Fruits Of Labor","ingredients":["Spinach","Melon"]}
{"id":"Craze","name":"Craze","ingredients":["Blueberry"]}
{"id":"Drink Your Greens","name":"Drink Your Greens","ingredients":["Melon","Tomatoe"]}
{"id":"Power Punch","name":"Power Punch","ingredients":["Beatroot","Melon","Clementine","Carrot","Pineapple"]}
{"id":"Packed Punch","name":"Packed Punch","ingredients":["Melon","Yogurt"]}
{"id":"Powerful Punch","name":"Powerful Punch","ingredients":["Lemon"]}
{"id":"Punch","name":"Punch","ingredients":["Clementine","Lemon","Lemon"]}
{"id":"Joyful","name":"Joyful","ingredients":["Celery","Apple","Lemon"]}
{"id":"Complete Cleanse","name":"Complete Cleanse","ingredients":["Yogurt","Lemon"]}
{"id":"Get Clean","name":"Get Clean","ingredients":["Pineapple"]}
{"id":"Drink Your Vitamins","name":"Drink Your Vitamins","ingredients":["Lemon","Blueberry","Cucumber","Cucumber","Lemon"]}
{"id":"Drinkable Vitamins","name":"Drinkable Vitamins","ingredients":["Clementine","Beatroot","Beatroot"]}
{"id":"Healthy Resource","name":"Healthy Resource","ingredients":["Melon","Yogurt","Spinach"]}
{"id":"Healthy","name":"Healthy","ingredients":["Banana","Spinach"]}
{"id":"Jeneration","name":"Jeneration","ingredients":["Orange","Banana"]}
{"id":"Jumpstart","name":"Jumpstart","ingredients":["Yogurt"]}
{"id":"Justified","name":"Justified","ingredients":["Carrot","Cucumber"]}
{"id":"No Excuse","name":"No Excuse","ingredients":["Lemon","Yogurt","Melon","Spinach"]}
{"id":"Jungle","name":"Jungle","ingredients":["Spinach","Apple","Strawberries","Lemon","Banana"]}
{"id":"Jumble","name":"Jumble","ingredients":["Orange","Carrot","Strawberries","Spinach","Carrot"]}
{"id":"Blended Benefits","name":"Blended Benefits","ingredients":["Cucumber","Celery","Lemon","Lemon"]}
{"id":"Squeezed Sweetness","name":"Squeezed Sweetness","ingredients":["Clementine","Pineapple","Spinach","Blueberry","Lemon"]}
{"id":"Super Squeezed","name":"Super Squeezed","ingredients":["Pineapple","Celery"]}
{"id":"Pulp Power","name":"Pulp Power","ingredients":["Spinach","Spinach","Clementine"]}
{"id":"Bounty Of Benefits","name":"Bounty Of Benefits","ingredients":["Lemon","Cucumber","Tomatoe","Orange","Ginger"]}
{"id":"Tough And Tasty","name":"Tough And Tasty","ingredients":["Cucumber","Spinach","Ginger","Spinach"]}
{"id":"Refreshing Reward","name":"Refreshing Reward","ingredients":["Strawberries","Lemon"]}
{"id":"Rapid Reward","name":"Rapid Reward","ingredients":["Cucumber","Spinach","Cucumber","Spinach","Pineapple"]}
{"id":"Fit Drink","name":"Fit Drink","ingredients":["Spinach","Pineapple"]}
{"id":"Healthy Hydration","name":"Healthy Hydration","ingredients":["Lemon","Beatroot","Ginger"]}
{"id":"Hydration Station","name":"Hydration Station","ingredients":["Yogurt"]}
{"id":"Just Juicy","name":"Just Juicy","ingredients":["Clementine","Strawberries","Apple","Banana"]}
{"id":"Juicy Hydration","name":"Juicy Hydration","ingredients":["Ginger","Lemon","Clementine","Pineapple","Spinach"]}
{"id":"Nothing To Lose","name":"Nothing To Lose","ingredients":["Orange","Celery","Strawberries","Melon"]}
{"id":"Indulgent","name":"Indulgent","ingredients":["Tomatoe"]}
{"id":"Fit Fuel","name":"Fit Fuel","ingredients":["Spinach","Strawberries","Carrot","Beatroot"]}
