customer_skey,slocation_skey,sale_id,ts,order_source,order_state,unique_customer_id,store_id
3157,8,00009e08-3343-4a88-b40d-a66fede2cdff,2021-10-18 03:34:00,IN-STORE,COMPLETED,SYD01-15,SYD01
4148,9,000120fd-6b7c-448f-8672-8a93d7d5fb3c,2021-12-12 01:47:00,IN-STORE,COMPLETED,WLG01-367,WLG01
1377,5,0001ac2c-7235-4072-9ee4-67ee2ff035a8,2021-11-11 06:10:00,IN-STORE,COMPLETED,MEL01-438,MEL01
3523,8,00041cc6-30f1-433d-97b5-b92191a92efb,2021-12-16 02:14:00,ONLINE,PENDING,SYD01-48,SYD01
1532,5,000595d9-c75a-46a9-9dd2-5332ac090015,2021-12-22 22:40:00,IN-STORE,COMPLETED,MEL01-578,MEL01
588,2,0006db94-dcd9-4328-a89c-ba40f4dacf8d,2021-10-07 23:45:00,IN-STORE,PENDING,AKL02-88,AKL02
3664,8,00077e8c-20e3-44b5-8eb4-70d15780187d,2021-10-08 22:02:00,IN-STORE,COMPLETED,SYD01-606,SYD01
927,4,0008ae1b-fc1b-4eb7-9aec-aa10bc1c8d37,2021-12-17 22:34:00,IN-STORE,COMPLETED,CBR01-32,CBR01
589,2,0009a8a9-99be-435f-be68-039c079c910f,2021-11-04 23:41:00,IN-STORE,COMPLETED,AKL02-89,AKL02
3731,8,000af550-451d-4fee-aac6-587d0f1d42c8,2021-11-14 23:41:00,IN-STORE,COMPLETED,SYD01-667,SYD01
2885,7,000b15bf-7709-4852-ad79-5b14b86c2301,2021-10-06 04:44:00,IN-STORE,COMPLETED,PER01-355,PER01
3545,8,000b4bc3-7d4f-48aa-86f4-3de6122291e4,2021-10-12 03:44:00,IN-STORE,COMPLETED,SYD01-5,SYD01
3958,9,000bdab5-54e8-48c4-a1a1-c03d53128434,2021-11-07 00:09:00,ONLINE,COMPLETED,WLG01-196,WLG01
600,2,000c9410-4a03-43bc-8513-daf369826dd4,2021-12-09 01:27:00,IN-STORE,COMPLETED,AKL02-99,AKL02
4591,9,000d03de-aa09-41b2-941e-701b0c5cba5c,2021-09-30 20:47:00,IN-STORE,COMPLETED,WLG01-766,WLG01
4580,9,000d4002-b981-429a-9314-a5619924d7b8,2021-10-08 20:10:00,IN-STORE,COMPLETED,WLG01-756,WLG01
2291,6,000d9749-fe9f-419e-8457-7fbcd6f6f64e,2021-12-05 00:47:00,IN-STORE,COMPLETED,MEL02-496,MEL02
3708,8,000ea6c8-502e-41c0-8e1c-ca6df1c9c55b,2021-10-02 03:00:00,IN-STORE,COMPLETED,SYD01-646,SYD01
1537,5,00104f51-97e6-4f14-86fb-f030c3c92251,2021-10-18 02:35:00,IN-STORE,COMPLETED,MEL01-582,MEL01
1039,5,0010f39a-41f5-4d51-870b-91e9375267ff,2021-10-22 06:18:00,IN-STORE,CANCELED,MEL01-133,MEL01
926,4,00120239-4c9e-46a6-8514-abe8425cef44,2021-10-04 05:34:00,IN-STORE,COMPLETED,CBR01-31,CBR01
1064,5,001266b0-c728-48b9-800d-c962926e095a,2022-01-01 01:18:00,IN-STORE,COMPLETED,MEL01-156,MEL01
3825,8,00129aff-b1f6-4b71-9c8b-4de3ff7e336d,2021-12-17 03:20:00,IN-STORE,COMPLETED,SYD01-76,SYD01
1179,5,00171ced-ebc5-49c7-a318-3f462f9f2a0e,2021-10-15 06:23:00,IN-STORE,COMPLETED,MEL01-26,MEL01
584,2,001a164f-80ce-4ed9-b7d2-973357bce63b,2021-12-13 00:56:00,IN-STORE,COMPLETED,AKL02-84,AKL02
544,2,001ac69e-abc9-4bac-87d7-de65cb674fc3,2021-11-17 02:10:00,IN-STORE,COMPLETED,AKL02-48,AKL02
516,2,001ad094-1a14-4a67-8f45-43f38b8ec3f2,2021-11-22 00:35:00,IN-STORE,COMPLETED,AKL02-22,AKL02
524,2,001b7690-4692-454f-91c4-0da47ddbc884,2021-10-23 23:12:00,IN-STORE,COMPLETED,AKL02-3,AKL02
3618,8,001bcebc-3009-45ac-b6a9-7722c4f48ea3,2021-10-13 08:13:00,IN-STORE,COMPLETED,SYD01-565,SYD01
4143,9,001c2409-925e-4880-94bb-a8d6fbc43d43,2021-12-17 20:45:00,IN-STORE,COMPLETED,WLG01-362,WLG01
3107,8,001c3412-e1f4-4ae1-80dc-11e949a16287,2021-11-28 02:39:00,IN-STORE,COMPLETED,SYD01-104,SYD01
3070,7,001cd9dc-71c5-463f-816a-ab20c4a1d580,2021-10-24 02:02:00,IN-STORE,COMPLETED,PER01-71,PER01
726,3,001d838f-5e73-43c8-aece-e22cd60103f8,2021-10-09 02:03:00,IN-STORE,COMPLETED,BNE02-31,BNE02
1633,5,0021639d-2e13-4548-8f18-9bcb6e74bed7,2021-10-30 05:34:00,IN-STORE,COMPLETED,MEL01-669,MEL01
2386,6,002199ec-3b83-4a2d-833b-e7485bfdce37,2021-10-14 03:11:00,IN-STORE,COMPLETED,MEL02-581,MEL02
294,1,00220f34-71dd-4e6b-81c3-b44d3dc56876,2021-11-03 00:50:00,IN-STORE,COMPLETED,AKL01-363,AKL01
3763,8,00225a53-4584-4fee-b954-7e8e87a3343b,2021-10-21 22:25:00,IN-STORE,COMPLETED,SYD01-696,SYD01
3114,8,0023373a-7d7d-417d-9b5a-83113cbd5b2e,2021-11-23 04:56:00,IN-STORE,COMPLETED,SYD01-110,SYD01
4055,9,0025997d-c385-49cd-bd86-584086606573,2021-12-22 23:22:00,IN-STORE,CANCELED,WLG01-283,WLG01
3441,8,00270c7a-203b-4df3-8024-9e448525f4b0,2022-01-01 02:56:00,IN-STORE,COMPLETED,SYD01-405,SYD01
1838,5,00287a58-f166-43ca-ae89-7db03062e44d,2021-10-22 01:11:00,IN-STORE,COMPLETED,MEL01-88,MEL01
1436,5,002883d0-2e10-426d-ab75-a8e0e280abcf,2021-11-07 03:25:00,IN-STORE,COMPLETED,MEL01-491,MEL01
986,4,002b5ffe-fdb6-4709-a1ad-368b2c75f2d3,2021-10-18 01:49:00,IN-STORE,COMPLETED,CBR01-86,CBR01
658,3,002bc440-442a-404f-9bd8-f0638298f058,2021-11-11 01:24:00,IN-STORE,COMPLETED,BNE02-150,BNE02
3252,8,002bf140-c312-4ae6-8fa8-cb86e65a3a1c,2021-11-11 05:35:00,IN-STORE,CANCELED,SYD01-235,SYD01
1714,5,002d9324-a7c1-44a0-8181-c68ffe3656e8,2021-12-14 06:19:00,IN-STORE,COMPLETED,MEL01-741,MEL01
2882,7,0031efc1-e09a-4946-9549-013d5be6ef53,2021-12-12 01:14:00,IN-STORE,COMPLETED,PER01-352,PER01
668,3,00321559-c9cc-4baf-b072-4636a0019a09,2021-11-26 05:34:00,IN-STORE,COMPLETED,BNE02-16,BNE02
2627,7,0032a34f-4398-4232-9a5a-36d09193dcd4,2021-11-12 05:38:00,IN-STORE,COMPLETED,PER01-122,PER01
541,2,00331b85-242d-4812-ad55-2e946122fd60,2021-10-15 01:03:00,IN-STORE,COMPLETED,AKL02-45,AKL02
2830,7,003354fb-d02e-4848-9a40-d085d8f39d1b,2021-12-09 07:26:00,IN-STORE,CANCELED,PER01-305,PER01
1758,5,00339d14-d875-4341-a7c8-1be8a70bbc9f,2021-12-19 22:03:00,IN-STORE,COMPLETED,MEL01-781,MEL01
3361,8,00346ec2-e7d8-4aae-a970-9711460370e5,2021-10-14 03:41:00,IN-STORE,COMPLETED,SYD01-333,SYD01
3476,8,00354478-5ea0-4332-aad7-a249125b0b4b,2021-11-04 07:48:00,IN-STORE,COMPLETED,SYD01-437,SYD01
3621,8,003613ad-1739-4e23-8a0b-00259880110f,2021-12-02 02:36:00,IN-STORE,COMPLETED,SYD01-568,SYD01
1203,5,0036ca96-5b67-440d-8503-a8aa122be306,2021-11-09 01:48:00,IN-STORE,COMPLETED,MEL01-281,MEL01
2702,7,0037e2dd-be82-465b-9302-ffd3b2b635e0,2021-12-09 11:27:00,IN-STORE,CANCELED,PER01-190,PER01
1357,5,0038c987-38c5-4133-8aa0-eee60c806808,2021-11-28 22:58:00,IN-STORE,PENDING,MEL01-42,MEL01
805,4,003aff0d-f07e-4f33-b57c-59b8c4cbc1be,2021-12-21 05:38:00,IN-STORE,COMPLETED,CBR01-102,CBR01
3846,8,003cb0ef-9cb9-4778-8ca9-fb65bc79188f,2021-11-26 23:19:00,IN-STORE,COMPLETED,SYD01-95,SYD01
1725,5,003cdffd-44c5-493e-894e-10436a042ad6,2021-10-16 04:41:00,IN-STORE,COMPLETED,MEL01-751,MEL01
2704,7,003dcd76-b3a8-4607-b4d1-611b5868d9c2,2021-11-24 02:15:00,IN-STORE,CANCELED,PER01-192,PER01
2553,6,0040688a-f552-482e-a2a2-c190d37a0b09,2021-12-28 09:49:00,IN-STORE,COMPLETED,MEL02-731,MEL02
3769,8,0040b04f-d999-4611-9087-79686b4e74ee,2022-01-07 23:23:00,IN-STORE,COMPLETED,SYD01-700,SYD01
2696,7,00454e70-bd4d-4128-bfe8-9e356912fbb4,2021-10-27 08:52:00,IN-STORE,CANCELED,PER01-185,PER01
813,4,004582e2-d602-4b82-89d4-f5fd6f8e411c,2021-11-04 01:40:00,IN-STORE,COMPLETED,CBR01-11,CBR01
1464,5,0046a14f-2572-4b14-85a7-4c921df12104,2021-10-29 02:22:00,IN-STORE,CANCELED,MEL01-516,MEL01
772,3,00473746-31d3-457f-91eb-5e6befa26bd4,2021-10-26 09:05:00,IN-STORE,CANCELED,BNE02-73,BNE02
1469,5,0047530b-3fe6-4517-bc6b-35b5f16f17b5,2021-12-02 07:03:00,IN-STORE,COMPLETED,MEL01-520,MEL01
1478,5,004907b0-b0c9-44ed-8b5f-0e1714ddb330,2021-10-27 05:50:00,ONLINE,COMPLETED,MEL01-529,MEL01
3763,8,004916d9-f26d-43dd-b0b4-1fe488780147,2021-12-05 04:00:00,IN-STORE,COMPLETED,SYD01-696,SYD01
3269,8,00494413-f738-4e54-b1a5-ef67fb779fb7,2021-10-24 03:25:00,IN-STORE,PENDING,SYD01-250,SYD01
1727,5,004a7ef5-6c2c-4d84-9557-b51e91ea132a,2021-11-30 21:11:00,IN-STORE,COMPLETED,MEL01-753,MEL01
113,1,004add57-4f4a-4539-912c-ab3dd6a9befa,2021-10-28 23:12:00,IN-STORE,PENDING,AKL01-20,AKL01
1269,5,004d855c-9e46-4804-bd01-ee7e76d5a8fd,2021-11-01 06:43:00,IN-STORE,COMPLETED,MEL01-340,MEL01
526,2,004e250d-5614-49b7-a35c-ceb38bd2bc3b,2021-10-25 03:11:00,IN-STORE,COMPLETED,AKL02-31,AKL02
4289,9,004e422d-2b67-45db-a340-9856e6587bf3,2021-11-25 19:10:00,IN-STORE,COMPLETED,WLG01-494,WLG01
4240,9,004eeb1f-8da8-4dc1-be99-ded69e03b384,2021-12-11 01:19:00,IN-STORE,PENDING,WLG01-45,WLG01
1382,5,00503bdf-b620-4272-b5bb-328d525eae54,2021-10-09 01:41:00,IN-STORE,CANCELED,MEL01-442,MEL01
650,3,00503c78-e18f-4561-9508-970246883434,2021-11-20 05:45:00,IN-STORE,COMPLETED,BNE02-143,BNE02
517,2,0050b232-47f3-48dd-9a85-494c9dd4b32a,2021-12-02 23:19:00,ONLINE,PENDING,AKL02-23,AKL02
3042,7,00523645-4d67-4d1e-a6b3-78dd486c3ba2,2021-10-17 23:19:00,IN-STORE,COMPLETED,PER01-497,PER01
3086,7,005236f7-a4b7-441d-8c33-fd63eb5db3e9,2021-10-20 05:44:00,IN-STORE,CANCELED,PER01-86,PER01
2836,7,005314b7-4edb-43a0-a1fb-844d640f3d4c,2021-10-24 09:18:00,IN-STORE,COMPLETED,PER01-310,PER01
1314,5,00544888-83c9-4377-857a-8f8509e3c160,2021-11-23 01:46:00,IN-STORE,COMPLETED,MEL01-381,MEL01
811,4,0058892f-adad-4691-85e7-fd22e3bd2c67,2021-12-28 04:22:00,IN-STORE,COMPLETED,CBR01-108,CBR01
3481,8,005d3d94-7110-45d2-97f9-d96f7a4773e5,2021-12-11 22:37:00,IN-STORE,COMPLETED,SYD01-441,SYD01
3505,8,005d3fa9-8c3b-4a91-b15e-fc9265aa4494,2021-12-08 06:01:00,IN-STORE,COMPLETED,SYD01-463,SYD01
1844,5,005d44ac-b2b3-457a-a10a-f9b735775584,2021-11-02 01:37:00,IN-STORE,COMPLETED,MEL01-93,MEL01
513,2,005f1e90-db8d-445b-9e8c-130c9d754afc,2021-10-30 02:23:00,ONLINE,COMPLETED,AKL02-2,AKL02
519,2,005f2aa0-8219-4aee-9463-7d29ee3ee8d9,2021-10-07 22:08:00,IN-STORE,COMPLETED,AKL02-25,AKL02
4280,9,00617fc7-7f4a-4aac-9f92-c8bd62656e34,2021-12-19 20:15:00,IN-STORE,CANCELED,WLG01-486,WLG01
1083,5,0062c212-3729-4fd0-9fce-75fc064d55ad,2021-12-14 01:28:00,IN-STORE,COMPLETED,MEL01-173,MEL01
891,4,0064ef94-6643-4399-9697-80643cb6bb71,2021-11-22 07:23:00,IN-STORE,COMPLETED,CBR01-180,CBR01
3729,8,00656863-b074-42f8-9626-fd901c64d350,2021-12-19 22:11:00,IN-STORE,COMPLETED,SYD01-665,SYD01
3325,8,0065cb07-69e2-45c8-9679-80b71bd9b7e2,2021-11-27 07:43:00,IN-STORE,COMPLETED,SYD01-300,SYD01
1076,5,0067685f-eafb-4e9f-b298-35960578447d,2021-12-20 05:08:00,IN-STORE,COMPLETED,MEL01-167,MEL01
3477,8,00699b91-4cd6-4e43-8523-d9529dc7646e,2021-12-08 05:39:00,IN-STORE,COMPLETED,SYD01-438,SYD01
3120,8,0069f28c-e2d1-410a-9e59-39f1a5dfc57f,2021-11-19 23:22:00,IN-STORE,COMPLETED,SYD01-116,SYD01
1343,5,006a4042-5c0e-4959-84ca-aa9837544a97,2021-10-30 21:58:00,IN-STORE,COMPLETED,MEL01-407,MEL01
4507,9,006b5b95-8dca-40cf-97b0-6cf3587fa9af,2021-12-29 19:36:00,IN-STORE,COMPLETED,WLG01-690,WLG01
1714,5,006d7b4f-24a8-4e08-bcab-6e845dc9a955,2021-12-29 06:19:00,IN-STORE,COMPLETED,MEL01-741,MEL01
2057,6,006e02c5-629f-4ca2-bfce-2cb5e40161f9,2021-11-16 08:59:00,IN-STORE,COMPLETED,MEL02-285,MEL02
1338,5,006e40b1-de9d-4d25-b981-1f32026d6251,2021-11-09 02:42:00,IN-STORE,COMPLETED,MEL01-402,MEL01
887,4,007090f0-680f-40eb-97ea-22b2e2a9379f,2021-11-27 23:20:00,IN-STORE,COMPLETED,CBR01-177,CBR01
3469,8,00715936-8c9f-42ea-8b74-f6b57c4b045f,2021-12-28 23:44:00,IN-STORE,COMPLETED,SYD01-430,SYD01
1786,5,00727532-ec62-4125-ac9a-45c69af4e5ed,2021-10-29 01:25:00,IN-STORE,COMPLETED,MEL01-806,MEL01
1068,5,0074296e-43e1-494e-97d1-aa486f1e5f9c,2021-12-26 02:34:00,IN-STORE,COMPLETED,MEL01-16,MEL01
572,2,0074b28c-a468-4f6f-9562-6c7a42811701,2021-11-19 01:37:00,IN-STORE,PENDING,AKL02-73,AKL02
4649,9,00750c61-4d77-4872-8fef-6f81183c1f01,2021-12-02 01:05:00,IN-STORE,COMPLETED,WLG01-98,WLG01
3664,8,0076442a-92cc-4fbc-9aa4-383a521783df,2021-11-25 05:32:00,IN-STORE,COMPLETED,SYD01-606,SYD01
3622,8,0078ad13-87b2-494e-9904-3bb71956e5b9,2021-10-07 23:28:00,IN-STORE,COMPLETED,SYD01-569,SYD01
1669,5,0078f90c-0679-4e2a-9a5a-5f4ec45b64e0,2021-10-27 23:25:00,IN-STORE,COMPLETED,MEL01-700,MEL01
2622,7,00792d7d-9cd7-4f6f-b938-2c32147bcc24,2021-10-20 05:59:00,IN-STORE,COMPLETED,PER01-118,PER01
1313,5,007a3491-ed85-4b4d-81c6-70424346d00d,2021-10-04 06:38:00,IN-STORE,COMPLETED,MEL01-380,MEL01
3348,8,007a99c8-e2fd-4d4c-87ae-a92d52d51f02,2021-10-14 06:24:00,IN-STORE,COMPLETED,SYD01-321,SYD01
3807,8,007b317c-5533-4fbf-a5ad-cf6e193b62ae,2021-12-26 22:58:00,IN-STORE,COMPLETED,SYD01-735,SYD01
1664,5,007b6084-ba4c-4cd6-878f-73911cbbe17e,2021-10-26 02:41:00,IN-STORE,COMPLETED,MEL01-697,MEL01
4489,9,007ccd5b-c1e2-4eab-ae62-388178ecfdee,2021-12-16 19:52:00,IN-STORE,COMPLETED,WLG01-674,WLG01
3264,8,007d0397-5735-4ecd-9b19-346a6f5e2806,2021-11-16 23:34:00,IN-STORE,COMPLETED,SYD01-246,SYD01
163,1,007ec9cc-6f8e-4c10-9b2d-d00d5655ad0a,2021-10-10 23:03:00,IN-STORE,COMPLETED,AKL01-245,AKL01
3878,9,007f25b5-92e2-4520-8713-fd6cd5412a4f,2021-10-02 00:21:00,IN-STORE,COMPLETED,WLG01-123,WLG01
296,1,007f26eb-f3a4-4079-9dd2-ff91a9e4cf2f,2021-11-23 00:42:00,ONLINE,COMPLETED,AKL01-365,AKL01
2834,7,007f30ad-907b-44d7-8adb-b66d2ef63181,2021-11-06 09:01:00,IN-STORE,COMPLETED,PER01-309,PER01
1402,5,007ff1aa-63bf-4760-a80b-8f43b0328dab,2021-10-22 00:06:00,IN-STORE,COMPLETED,MEL01-460,MEL01
3717,8,0080985a-0baa-4715-9b5c-74775b63be27,2021-12-26 04:21:00,IN-STORE,COMPLETED,SYD01-654,SYD01
216,1,0080b25f-72f1-4ad6-bdd7-47d69d32bf78,2021-10-10 22:56:00,IN-STORE,COMPLETED,AKL01-293,AKL01
3313,8,00815403-7912-483e-a4c6-f63a05d5010d,2021-12-07 01:46:00,IN-STORE,COMPLETED,SYD01-290,SYD01
3892,9,0081d87a-84b9-4779-a16a-992291a2775e,2021-10-18 19:47:00,IN-STORE,CANCELED,WLG01-136,WLG01
3688,8,008226f1-89d8-4350-b7ee-f960d5f50e5e,2021-10-11 22:11:00,IN-STORE,COMPLETED,SYD01-628,SYD01
3781,8,00834076-667f-4238-be1d-b62d48bbc29f,2021-10-06 06:05:00,IN-STORE,CANCELED,SYD01-711,SYD01
3808,8,0084c268-3fe5-4791-851d-48f34461ed26,2021-10-05 07:32:00,IN-STORE,COMPLETED,SYD01-736,SYD01
1415,5,0084ca42-50f6-4171-b1b2-8247661b6da8,2021-10-19 03:46:00,IN-STORE,COMPLETED,MEL01-472,MEL01
2829,7,0084feab-6948-4d8a-8954-ad902f0b7ded,2021-12-27 01:12:00,IN-STORE,COMPLETED,PER01-304,PER01
3430,8,00867a67-e124-4d46-a464-19b1d28fed2c,2021-11-12 07:38:00,IN-STORE,COMPLETED,SYD01-396,SYD01
4510,9,00868948-628e-494d-b757-59b9f74b77ad,2021-10-22 00:55:00,IN-STORE,COMPLETED,WLG01-693,WLG01
3440,8,0087543d-2e93-44d2-841c-af2764f93433,2022-01-01 01:51:00,IN-STORE,CANCELED,SYD01-404,SYD01
3486,8,008aaa53-2d14-48c3-b2bc-d0fad0275af5,2021-11-11 22:45:00,IN-STORE,COMPLETED,SYD01-446,SYD01
1440,5,008bcf4f-ea97-402e-b0dd-8d8bbd3d485a,2021-12-21 02:50:00,IN-STORE,COMPLETED,MEL01-495,MEL01
1179,5,008d467e-adad-4d92-906d-f64997b70d61,2021-10-26 22:38:00,IN-STORE,PENDING,MEL01-26,MEL01
4505,9,008e149b-b7b3-4568-9a06-6ca12c75b8b0,2021-10-24 00:42:00,IN-STORE,COMPLETED,WLG01-689,WLG01
474,1,008e22d1-d5cc-4f23-ac42-6284629da3c3,2021-10-15 00:34:00,IN-STORE,COMPLETED,AKL01-75,AKL01
1368,5,008e8e3b-b8aa-4eab-8c55-19fa07db585c,2021-11-13 23:20:00,IN-STORE,COMPLETED,MEL01-43,MEL01
3762,8,008fcde3-1daf-4aef-91a9-add67ae50909,2021-10-11 23:18:00,IN-STORE,COMPLETED,SYD01-695,SYD01
1680,5,00913fd8-253b-435e-a1c5-cc1d86aaf4c1,2021-11-09 21:25:00,IN-STORE,COMPLETED,MEL01-710,MEL01
2878,7,0091592b-6679-4e34-ab4e-bfa8bb00fd7c,2021-11-02 02:18:00,IN-STORE,COMPLETED,PER01-349,PER01
126,1,00924542-5756-4cfa-a6dc-e45a5d427058,2021-11-23 19:39:00,IN-STORE,COMPLETED,AKL01-211,AKL01
1398,5,0092abe7-44e3-459e-b9cb-52a119354e36,2021-10-01 23:55:00,IN-STORE,COMPLETED,MEL01-457,MEL01
1563,5,0092cde0-0125-4aac-9c89-45b0ca0f8499,2021-12-02 06:08:00,IN-STORE,COMPLETED,MEL01-605,MEL01
1998,6,0092e3e0-f58c-4485-82b2-aa48ee413a47,2021-11-12 20:22:00,IN-STORE,COMPLETED,MEL02-231,MEL02
94,1,009571af-a475-4e66-a26f-1ffc5fdb5cf2,2021-12-02 02:40:00,IN-STORE,COMPLETED,AKL01-183,AKL01
3922,9,0096449f-d37c-48ce-b7ef-fc632c62024d,2021-12-16 20:57:00,IN-STORE,COMPLETED,WLG01-163,WLG01
2500,6,00968b99-4c9e-47c7-973e-4ad205f0442d,2021-12-07 07:29:00,IN-STORE,COMPLETED,MEL02-684,MEL02
598,2,0096c874-b5ab-409d-bbf3-db1c7a9bf3af,2021-12-25 01:03:00,IN-STORE,COMPLETED,AKL02-97,AKL02
1762,5,00977850-4dd6-498a-b7db-9c62b09002b9,2021-10-22 21:33:00,IN-STORE,COMPLETED,MEL01-785,MEL01
3199,8,0097afa5-4479-4c48-9225-10b537249134,2021-10-03 04:32:00,IN-STORE,COMPLETED,SYD01-188,SYD01
1821,5,009ace1f-6482-4e8f-b120-56efd512d9e6,2021-12-05 03:43:00,IN-STORE,COMPLETED,MEL01-838,MEL01
4597,9,009ad7c3-0e61-4146-9ffc-8690d2d0ed49,2021-12-13 21:24:00,IN-STORE,PENDING,WLG01-771,WLG01
3673,8,009b3e0e-a8d2-43d7-b4e1-d0c27adf1fea,2021-10-18 02:57:00,IN-STORE,COMPLETED,SYD01-614,SYD01
3830,8,009bbe12-5298-451d-8c2d-e1024eb4ba0d,2021-10-10 22:12:00,IN-STORE,COMPLETED,SYD01-80,SYD01
4056,9,009c8f7d-b091-4589-84ab-2e3a2170f9e5,2021-11-20 01:23:00,IN-STORE,CANCELED,WLG01-284,WLG01
4637,9,009cad9e-6bbb-4f60-b30a-eba86b41c3db,2021-10-08 01:04:00,IN-STORE,COMPLETED,WLG01-87,WLG01
4643,9,009d032b-adb4-4e46-9786-32a038a47852,2021-11-14 19:03:00,IN-STORE,COMPLETED,WLG01-92,WLG01
945,4,009e459f-09f1-4016-a90c-95295c265c85,2021-12-19 07:55:00,IN-STORE,COMPLETED,CBR01-49,CBR01
3279,8,009ebad3-6083-4c9e-9b60-e019901de83f,2021-12-12 22:10:00,IN-STORE,COMPLETED,SYD01-26,SYD01
4175,9,00a13aa6-ab93-4945-a585-f81fba525e08,2021-12-12 00:12:00,IN-STORE,PENDING,WLG01-391,WLG01
98,1,00a1ef7e-a418-4726-aed6-d4a7ecff4480,2021-10-24 19:27:00,IN-STORE,CANCELED,AKL01-187,AKL01
533,2,00a2f3c3-bc4b-4547-a233-41a02983e6ce,2021-10-24 23:03:00,IN-STORE,COMPLETED,AKL02-38,AKL02
3718,8,00a402ab-6b97-49fe-82ad-f54b9dbd1e9f,2021-10-20 07:39:00,IN-STORE,COMPLETED,SYD01-655,SYD01
572,2,00a411c5-6e3b-4056-b01b-14bafac35b66,2021-10-06 03:22:00,IN-STORE,PENDING,AKL02-73,AKL02
293,1,00a47eb1-321e-453a-8cb5-7172075349b7,2021-11-12 01:47:00,ONLINE,COMPLETED,AKL01-362,AKL01
1278,5,00a5209c-67ae-4208-8271-359dda3255f9,2021-12-18 08:31:00,IN-STORE,COMPLETED,MEL01-349,MEL01
1380,5,00a545f9-8ea4-4725-92f5-033f6664ae0f,2021-10-15 23:37:00,IN-STORE,COMPLETED,MEL01-440,MEL01
1289,5,00a59431-c6a4-4c56-98de-028da08943e5,2021-10-28 05:26:00,IN-STORE,COMPLETED,MEL01-359,MEL01
3001,7,00a65d18-ced4-4669-9705-2571c73ddafb,2021-11-10 11:28:00,IN-STORE,COMPLETED,PER01-46,PER01
3480,8,00a67975-74af-4be4-b258-2c898b71876c,2021-11-16 23:19:00,IN-STORE,COMPLETED,SYD01-440,SYD01
1313,5,00a74306-fc90-4a6b-b40b-7cdffca311c4,2021-12-12 02:55:00,IN-STORE,COMPLETED,MEL01-380,MEL01
4472,9,00a7952b-fe55-4d9a-8d33-53838e0e0b5e,2021-11-15 03:58:00,IN-STORE,COMPLETED,WLG01-659,WLG01
220,1,00a879e6-ba77-437d-bb1c-674fc79c212b,2021-12-03 21:58:00,IN-STORE,COMPLETED,AKL01-297,AKL01
3057,7,00a8cd96-8d30-42d8-973a-ef4d5bda0cef,2021-12-14 10:27:00,IN-STORE,PENDING,PER01-6,PER01
1066,5,00a9501c-dfca-41e4-9349-f2cf7e83f07a,2021-11-02 00:27:00,ONLINE,COMPLETED,MEL01-158,MEL01
572,2,00a99574-022e-40f3-b326-b9d07c6d6c54,2021-12-28 00:03:00,IN-STORE,COMPLETED,AKL02-73,AKL02
2714,7,00a9f29f-1972-4804-b054-165f276daf09,2021-12-19 00:11:00,IN-STORE,COMPLETED,PER01-200,PER01
3304,8,00a9f536-1c21-4696-b951-84b51d95f7ad,2021-12-29 03:06:00,IN-STORE,PENDING,SYD01-282,SYD01
3601,8,00ab1627-238f-4efa-810b-cc44e19b2029,2021-11-30 07:19:00,IN-STORE,CANCELED,SYD01-55,SYD01
784,3,00ab9752-22a5-4c22-bf1e-4325b05daeca,2021-10-03 09:23:00,IN-STORE,COMPLETED,BNE02-84,BNE02
3229,8,00ac2018-0daa-495f-9744-23f3af077344,2021-10-14 22:34:00,IN-STORE,COMPLETED,SYD01-214,SYD01
764,3,00ac8df5-335b-4cda-84e1-ada6d942c18d,2021-12-24 23:09:00,IN-STORE,COMPLETED,BNE02-66,BNE02
2646,7,00ad1502-4b40-4446-9736-7d132f2db05c,2021-11-17 11:35:00,IN-STORE,COMPLETED,PER01-14,PER01
1601,5,00af7a3f-5fa5-495e-b30c-db3eadb5473c,2021-10-05 21:11:00,IN-STORE,COMPLETED,MEL01-64,MEL01
3724,8,00b048c7-d4a2-48c1-abce-85501216504a,2021-11-12 04:42:00,IN-STORE,COMPLETED,SYD01-660,SYD01
861,4,00b0745d-cbb3-480d-ac2e-690ef6e67068,2021-11-25 01:34:00,IN-STORE,COMPLETED,CBR01-153,CBR01
4506,9,00b0e812-0da8-4766-bb2d-285870c54db6,2021-11-07 01:01:00,IN-STORE,COMPLETED,WLG01-69,WLG01
627,3,00b32956-941e-4287-be68-458bb3a0dffe,2021-10-29 08:45:00,IN-STORE,PENDING,BNE02-122,BNE02
4257,9,00b3318e-78da-4514-bc9b-8d3f15456c7c,2021-10-30 20:15:00,IN-STORE,PENDING,WLG01-465,WLG01
3195,8,00b3ea56-f507-40e5-b522-b262e87ab39f,2021-11-23 02:38:00,IN-STORE,COMPLETED,SYD01-184,SYD01
542,2,00b47936-040b-4108-8535-da1f0ef8c917,2021-11-13 21:53:00,IN-STORE,COMPLETED,AKL02-46,AKL02
3788,8,00b47b4b-abb8-406d-b55e-2e60455dc27e,2021-10-27 08:09:00,IN-STORE,COMPLETED,SYD01-718,SYD01
3154,8,00b64f3a-a54a-4606-a89b-5c3472ac1646,2021-10-23 03:01:00,IN-STORE,CANCELED,SYD01-147,SYD01
3629,8,00b68d73-ed11-477b-b0ef-7b706f7cda2c,2021-10-06 23:17:00,IN-STORE,PENDING,SYD01-575,SYD01
3252,8,00b69728-1512-43a2-b318-16bfea641c9c,2021-10-03 01:40:00,IN-STORE,COMPLETED,SYD01-235,SYD01
3771,8,00b87b7d-b08c-4696-adb0-19ccbf4b9487,2021-11-20 03:10:00,IN-STORE,COMPLETED,SYD01-702,SYD01
2982,7,00b90987-7c17-4bc5-8470-50fdc6cfd229,2021-10-30 01:45:00,IN-STORE,COMPLETED,PER01-442,PER01
3817,8,00b9779b-928d-443a-88c8-68c08807a1e5,2021-12-14 06:22:00,IN-STORE,COMPLETED,SYD01-744,SYD01
4261,9,00b987e3-5594-4971-89b4-9d2a4fc87e30,2021-11-07 23:30:00,IN-STORE,COMPLETED,WLG01-469,WLG01
2668,7,00b99b16-59ef-496e-8004-beee4fdaacd1,2021-12-05 07:03:00,IN-STORE,COMPLETED,PER01-16,PER01
3450,8,00badb2e-0ade-40e3-9f35-f0ca82db166b,2021-12-02 03:05:00,IN-STORE,CANCELED,SYD01-413,SYD01
937,4,00bdf86f-fcfe-41ce-82e4-221fa1d6d476,2021-10-30 02:07:00,IN-STORE,COMPLETED,CBR01-41,CBR01
3282,8,00c02ff8-27b6-4a35-9123-d9ed78b6b7b9,2021-12-06 04:10:00,IN-STORE,COMPLETED,SYD01-262,SYD01
1721,5,00c1cb7c-c05f-4b3d-8125-8a353275b36a,2021-11-26 23:20:00,IN-STORE,COMPLETED,MEL01-748,MEL01
1782,5,00c1d6d7-0abe-48fd-8f3b-7bab968c4758,2021-10-03 21:32:00,IN-STORE,COMPLETED,MEL01-802,MEL01
1848,5,00c26ad8-9d0d-4436-89bf-c8ac8cbc0fbe,2021-11-15 06:18:00,IN-STORE,COMPLETED,MEL01-97,MEL01
1256,5,00c28b6c-5c48-490f-ab08-d7581a983a3a,2021-10-11 00:46:00,IN-STORE,COMPLETED,MEL01-329,MEL01
1646,5,00c33d63-85d7-47c4-b040-f28a97e52877,2021-12-31 06:57:00,IN-STORE,CANCELED,MEL01-680,MEL01
927,4,00c436c8-3031-4389-a41e-380e36bfc1af,2021-10-30 23:56:00,IN-STORE,COMPLETED,CBR01-32,CBR01
2872,7,00c4da70-639c-4400-ba1f-cb6e06419a2d,2021-12-01 03:21:00,ONLINE,COMPLETED,PER01-343,PER01
2697,7,00c6e7c2-831c-49b4-ae3b-1fe66b3d523f,2021-11-18 10:55:00,ONLINE,COMPLETED,PER01-186,PER01
1412,5,00c8080b-c3ea-4a7d-acf2-0331012c616b,2021-12-30 05:57:00,IN-STORE,COMPLETED,MEL01-47,MEL01
4484,9,00c97e95-ca80-4fe1-8ef6-e99feb5db33c,2021-12-01 20:21:00,IN-STORE,COMPLETED,WLG01-67,WLG01
2982,7,00ca1b4a-6c1f-47cd-bec3-b0fd8c56ba5f,2021-12-28 01:45:00,IN-STORE,COMPLETED,PER01-442,PER01
859,4,00ca92da-909c-4452-9cc8-491b90f30f93,2021-11-19 07:14:00,ONLINE,COMPLETED,CBR01-151,CBR01
3105,8,00cc9cb6-a5ce-40c7-8711-b89c3c3a06e9,2021-10-25 06:47:00,ONLINE,COMPLETED,SYD01-102,SYD01
2155,6,00ccfcb6-cc11-49c1-955d-d17577a37aae,2021-11-15 00:54:00,IN-STORE,COMPLETED,MEL02-373,MEL02
3370,8,00cd8ba7-afe1-41df-b160-af56d5ff645b,2021-11-15 02:14:00,IN-STORE,COMPLETED,SYD01-341,SYD01
3590,8,00cd92d9-bbe4-421d-b463-1ae8096229f6,2021-11-16 01:35:00,ONLINE,COMPLETED,SYD01-54,SYD01
1562,5,00d12189-fc61-4cc5-80c1-f68cd2b54db1,2021-12-09 01:57:00,IN-STORE,CANCELED,MEL01-604,MEL01
2830,7,00d1f888-bd23-4251-9127-6ef0880d95a0,2021-11-09 02:30:00,IN-STORE,COMPLETED,PER01-305,PER01
649,3,00d22631-29dd-48f7-8427-ae44836c2b6d,2021-11-29 01:21:00,IN-STORE,COMPLETED,BNE02-142,BNE02
2782,7,00d2c65a-5364-4f23-b4e6-d740576548f4,2021-10-31 00:44:00,IN-STORE,COMPLETED,PER01-262,PER01
3489,8,00d4e588-5a62-4ac1-9373-81a10c2af586,2021-12-21 06:14:00,IN-STORE,COMPLETED,SYD01-449,SYD01
3222,8,00d50bbb-38fa-4550-aa8f-bd9fd8f35258,2021-10-09 02:26:00,IN-STORE,COMPLETED,SYD01-208,SYD01
4207,9,00d6c29b-3c42-424d-b33a-04676089bc13,2021-12-06 23:20:00,ONLINE,COMPLETED,WLG01-42,WLG01
3488,8,00d6da02-5057-4b93-a19d-6768312041a3,2021-12-31 08:29:00,IN-STORE,COMPLETED,SYD01-448,SYD01
590,2,00d82758-6a87-4ebd-9fcf-ecfcb2a8b2d6,2021-12-04 21:56:00,IN-STORE,COMPLETED,AKL02-9,AKL02
3188,8,00dac2bd-3d7a-4095-b01d-a57da57e0210,2021-12-21 23:55:00,IN-STORE,COMPLETED,SYD01-178,SYD01
1111,5,00dddda4-5e55-4146-9ec7-be985dc51456,2021-11-28 01:23:00,IN-STORE,COMPLETED,MEL01-199,MEL01
3031,7,00de02cc-cb55-4183-99e3-7ba95426f215,2021-12-20 08:15:00,IN-STORE,COMPLETED,PER01-487,PER01
4080,9,00de07c0-74ed-467e-8695-cb4219f7a75f,2021-11-18 23:05:00,IN-STORE,PENDING,WLG01-305,WLG01
1121,5,00df15eb-f061-4ee0-a136-df6e07882805,2021-11-18 06:45:00,IN-STORE,COMPLETED,MEL01-207,MEL01
3702,8,00df9e84-039f-4324-842e-c0417684fd25,2021-12-19 02:07:00,IN-STORE,COMPLETED,SYD01-640,SYD01
1360,5,00e08180-935a-4212-9325-adf10990b356,2021-10-22 02:24:00,IN-STORE,COMPLETED,MEL01-422,MEL01
3203,8,00e0858d-4432-4f17-afbb-ce8ebceb8b3c,2021-10-08 03:36:00,IN-STORE,COMPLETED,SYD01-191,SYD01
497,1,00e0ce0d-4d42-4ca1-8dac-956685904fe3,2021-12-19 22:24:00,IN-STORE,COMPLETED,AKL01-96,AKL01
4199,9,00e1a023-c391-46a9-9c45-07a33026feae,2021-10-14 00:50:00,IN-STORE,COMPLETED,WLG01-412,WLG01
4106,9,00e22bd7-809b-4f3d-9e38-b489be9bdba6,2021-11-06 19:53:00,IN-STORE,CANCELED,WLG01-329,WLG01
1283,5,00e2b315-acdd-4ee2-aa8d-3a18d943a57b,2021-12-30 06:50:00,ONLINE,COMPLETED,MEL01-353,MEL01
1751,5,00e2f9d2-ec78-4ed0-b208-1ee79e44aea4,2021-11-05 03:21:00,IN-STORE,COMPLETED,MEL01-775,MEL01
3190,8,00e33c3e-e44d-4a65-b6d2-e277ab6746f1,2021-11-25 02:43:00,IN-STORE,COMPLETED,SYD01-18,SYD01
3803,8,00e3810a-6700-4c47-ab81-1928eb037a68,2021-12-05 03:28:00,IN-STORE,COMPLETED,SYD01-731,SYD01
2173,6,00e47bda-b54f-4cef-8791-79e31e7e2e79,2021-12-24 07:35:00,IN-STORE,COMPLETED,MEL02-39,MEL02
434,1,00e6be4c-ecb1-4063-b7ed-9edf9969d644,2021-10-27 02:06:00,IN-STORE,COMPLETED,AKL01-49,AKL01
3983,9,00e7653a-1f34-48fe-92cf-b92321560e3c,2021-11-16 02:13:00,IN-STORE,COMPLETED,WLG01-218,WLG01
973,4,00e7a7d8-ace8-4e99-831a-7cb558933a73,2021-10-19 22:36:00,IN-STORE,COMPLETED,CBR01-74,CBR01
2695,7,00e7b95e-5d82-413f-b9b4-2efa5d3da817,2021-10-28 06:56:00,IN-STORE,COMPLETED,PER01-184,PER01
401,1,00e8c1fd-a154-49d0-9642-d29002e3f1e6,2021-10-17 23:44:00,IN-STORE,COMPLETED,AKL01-46,AKL01
568,2,00e99091-90ec-494d-9bae-efcff0d696ad,2021-10-04 01:58:00,IN-STORE,COMPLETED,AKL02-7,AKL02
1754,5,00e9c87f-1412-43e4-8d22-0438cc49cdc7,2021-11-19 00:52:00,IN-STORE,COMPLETED,MEL01-778,MEL01
3767,8,00eacbdc-083a-4b81-b373-aa3e75603be0,2021-12-01 00:18:00,IN-STORE,COMPLETED,SYD01-7,SYD01
2662,7,00eae121-5b53-476d-92de-7e49626b82b3,2021-12-12 05:52:00,IN-STORE,COMPLETED,PER01-154,PER01
98,1,00ef4400-6f6c-4ff6-9299-0bfb5b2e58f5,2021-10-12 19:27:00,IN-STORE,CANCELED,AKL01-187,AKL01
550,2,00ef5060-4af4-4966-892f-aac2bdeffff9,2021-12-26 23:29:00,IN-STORE,COMPLETED,AKL02-53,AKL02
3184,8,00ef9ba4-d284-4c38-9339-bb868990c104,2021-11-16 23:24:00,IN-STORE,COMPLETED,SYD01-174,SYD01
852,4,00f04f36-8c95-4a44-aa8b-28a69828e8e7,2021-11-24 02:25:00,IN-STORE,PENDING,CBR01-145,CBR01
3694,8,00f0c1b6-74cd-4d9f-bb9c-3abd7e1e527b,2021-12-01 05:36:00,IN-STORE,COMPLETED,SYD01-633,SYD01
3579,8,00f0d0cb-c76e-46ba-aa0c-f972b489f079,2021-11-12 06:43:00,IN-STORE,COMPLETED,SYD01-53,SYD01
137,1,00f16919-2b7a-4ac6-bb38-8d9cb5cfd45c,2021-11-30 23:28:00,IN-STORE,COMPLETED,AKL01-221,AKL01
1285,5,00f23376-735f-4f92-a517-8563c1b6bd8c,2021-12-22 06:13:00,IN-STORE,COMPLETED,MEL01-355,MEL01
2044,6,00f27e0f-af78-45ed-a20d-90220632718b,2021-11-12 21:41:00,IN-STORE,COMPLETED,MEL02-273,MEL02
1325,5,00f3b50c-2aba-4954-b4fc-a8d2295ae135,2021-12-06 00:40:00,IN-STORE,COMPLETED,MEL01-391,MEL01
1595,5,00f4fff3-ae29-41d6-971d-a0de48409ab2,2021-10-01 23:38:00,IN-STORE,COMPLETED,MEL01-634,MEL01
838,4,00f5e767-ba49-4d80-a18c-bd39769dd2e6,2021-12-13 01:48:00,IN-STORE,COMPLETED,CBR01-132,CBR01
3610,8,00f69908-fc4d-4c02-9016-673743c8e10e,2021-10-13 23:37:00,IN-STORE,COMPLETED,SYD01-558,SYD01
1123,5,00f6bd92-a63b-49b9-a126-365417109de3,2021-10-06 02:05:00,IN-STORE,COMPLETED,MEL01-209,MEL01
2414,6,00f786b4-92af-4f19-a367-56586a3039aa,2021-11-14 07:15:00,IN-STORE,COMPLETED,MEL02-606,MEL02
2696,7,00f8fcf5-1137-414c-a526-e34427a57923,2021-10-11 00:36:00,IN-STORE,COMPLETED,PER01-185,PER01
541,2,00f9a032-f167-4464-a236-c95996ac0d94,2021-10-15 00:54:00,IN-STORE,COMPLETED,AKL02-45,AKL02
1019,5,00fa055d-4dc5-4d9e-8c9e-4032a310af91,2021-10-23 07:41:00,IN-STORE,COMPLETED,MEL01-115,MEL01
912,4,00fd3f97-40f6-407d-a2d2-70984871626d,2021-12-14 01:57:00,IN-STORE,CANCELED,CBR01-2,CBR01
520,2,00fe09f2-78a5-4d51-98da-9159ca31dc5b,2021-12-17 23:44:00,IN-STORE,COMPLETED,AKL02-26,AKL02
4483,9,00fe7e3f-22ed-42df-970b-22f299a32e76,2021-12-23 22:28:00,IN-STORE,COMPLETED,WLG01-669,WLG01
2637,7,00ff3b73-f443-40c8-b3ec-6021d9e239ce,2021-10-25 06:19:00,IN-STORE,COMPLETED,PER01-131,PER01
626,3,00ff61b0-3656-4fa5-be28-9fbf24833dc1,2021-10-03 06:39:00,IN-STORE,COMPLETED,BNE02-121,BNE02
3810,8,00ffef18-5a69-4c86-a253-36d5205ef1fc,2021-12-28 03:18:00,IN-STORE,CANCELED,SYD01-738,SYD01
4247,9,0100282c-ca45-4267-b770-07b2adbde012,2021-11-10 02:05:00,IN-STORE,PENDING,WLG01-456,WLG01
4462,9,010216d1-ff10-450f-8113-441fce991b92,2021-12-04 00:58:00,IN-STORE,COMPLETED,WLG01-65,WLG01
561,2,01033598-bed8-42b4-94b5-91ac30cfe8e1,2021-11-10 21:56:00,IN-STORE,PENDING,AKL02-63,AKL02
1346,5,0103b71e-87f4-4334-98a5-68a90544d07f,2021-12-04 22:15:00,IN-STORE,COMPLETED,MEL01-41,MEL01
1452,5,0104fa19-353d-4a4a-b662-87440bbc7d8f,2021-11-15 22:33:00,IN-STORE,COMPLETED,MEL01-505,MEL01
3692,8,0105e68d-cc2f-49d5-984f-82a47cef61ab,2021-12-16 01:10:00,IN-STORE,COMPLETED,SYD01-631,SYD01
1309,5,01067a1a-c4df-40aa-935f-e0c522dc325b,2022-01-01 02:41:00,IN-STORE,COMPLETED,MEL01-377,MEL01
2915,7,0106c355-873f-4b5c-8d8a-ee1d3ba609e8,2021-12-25 01:59:00,IN-STORE,COMPLETED,PER01-382,PER01
571,2,0108e34b-eb98-40f7-a653-dfe2aac250cf,2021-11-17 23:15:00,IN-STORE,CANCELED,AKL02-72,AKL02
3748,8,01090885-e493-4d90-ba7d-57efa8ae5def,2021-12-05 22:40:00,ONLINE,COMPLETED,SYD01-682,SYD01
3304,8,0109219c-0974-4a67-a8d1-8ea25e9eb9a0,2021-11-14 03:06:00,IN-STORE,PENDING,SYD01-282,SYD01
3066,7,010a7e33-f181-44cf-a9d9-76e7013ee644,2021-11-12 00:58:00,IN-STORE,COMPLETED,PER01-68,PER01
1512,5,010ab71d-a9de-4c9e-aaa7-83f37c089e33,2021-10-02 02:49:00,IN-STORE,COMPLETED,MEL01-56,MEL01
806,4,010adc9a-1b01-4ad1-9bb5-6675f53aa04b,2021-12-06 22:56:00,IN-STORE,COMPLETED,CBR01-103,CBR01
1171,5,010af70d-b8a8-4977-b18a-53576751b5bd,2021-10-20 01:28:00,IN-STORE,COMPLETED,MEL01-252,MEL01
772,3,010b200d-e065-4045-84a6-989cbfe5788f,2021-10-26 02:41:00,IN-STORE,COMPLETED,BNE02-73,BNE02
1166,5,010bc8d6-36f4-4847-b43d-e92e219b26de,2021-12-17 06:53:00,IN-STORE,COMPLETED,MEL01-248,MEL01
3216,8,010bf78e-f0ef-4501-b2f6-7e036bc4a2fc,2021-11-30 22:24:00,IN-STORE,PENDING,SYD01-202,SYD01
335,1,010c2c05-7a2a-41f7-a3d6-358eea4ec2ce,2021-12-17 02:37:00,IN-STORE,COMPLETED,AKL01-40,AKL01
3270,8,010c889b-203f-4df3-af28-f45b10683661,2021-11-13 00:02:00,IN-STORE,COMPLETED,SYD01-251,SYD01
1571,5,010c8ff1-02b4-424f-a706-bba67d420f41,2021-12-08 02:50:00,IN-STORE,COMPLETED,MEL01-612,MEL01
3059,7,010ec478-fc53-44ed-89f0-cef2938a321f,2022-01-01 02:01:00,IN-STORE,COMPLETED,PER01-61,PER01
4331,9,010f5be1-cf93-47b5-ac7b-dbefd67f8e81,2021-12-11 20:14:00,IN-STORE,COMPLETED,WLG01-531,WLG01
3516,8,010f9833-87f6-4520-8f58-87374343c15f,2021-12-17 22:09:00,IN-STORE,COMPLETED,SYD01-473,SYD01
2878,7,011228e1-d4bd-43ff-be97-e464c4141bb1,2021-10-30 01:01:00,ONLINE,COMPLETED,PER01-349,PER01
3354,8,0112aaa8-0b0b-4a9a-805b-ddffcd6a0448,2021-10-25 04:30:00,ONLINE,COMPLETED,SYD01-327,SYD01
1845,5,0112e850-ddd1-45e0-a004-81f32306c249,2021-12-14 02:08:00,IN-STORE,COMPLETED,MEL01-94,MEL01
1392,5,011401ff-a11f-44c5-9d87-c0c27063e1cb,2021-11-20 21:58:00,IN-STORE,COMPLETED,MEL01-451,MEL01
756,3,0114893a-d5e5-454f-a92b-f7eed6ac5fab,2021-12-25 07:01:00,IN-STORE,COMPLETED,BNE02-59,BNE02
2820,7,0115c628-9219-4f40-9a62-83b55aa48ded,2021-12-01 04:36:00,IN-STORE,COMPLETED,PER01-297,PER01
4115,9,01189d52-0dbf-4869-a164-2c3fe6498e01,2021-10-19 00:18:00,IN-STORE,COMPLETED,WLG01-337,WLG01
1859,6,0118a93d-a9dc-4670-a02f-7a32911bc25f,2021-10-07 07:55:00,IN-STORE,COMPLETED,MEL02-106,MEL02
1485,5,0118fc94-7356-46b4-8fdf-526c0c9cedb0,2021-11-22 06:15:00,IN-STORE,PENDING,MEL01-535,MEL01
3267,8,0119f51c-12af-4db9-a687-d118768920c6,2021-12-07 01:46:00,IN-STORE,COMPLETED,SYD01-249,SYD01
1624,5,011a50eb-b030-4c3c-93c6-f400b5c57c0d,2021-11-02 05:09:00,IN-STORE,COMPLETED,MEL01-660,MEL01
602,3,011a807f-1036-467b-b97f-e3943941f14f,2021-11-23 08:56:00,IN-STORE,PENDING,BNE02-10,BNE02
1784,5,011ab030-d678-499c-b10b-6da2e4d97662,2021-11-23 01:56:00,IN-STORE,COMPLETED,MEL01-804,MEL01
3409,8,011b0e28-88a8-487c-9e80-e0d28ae2e09c,2021-12-26 22:27:00,IN-STORE,COMPLETED,SYD01-377,SYD01
1036,5,011b249a-c2f9-4beb-9f66-e583dbcfa0ef,2021-10-12 05:16:00,IN-STORE,COMPLETED,MEL01-130,MEL01
285,1,011cdd63-474e-435d-b071-f3d5c621771b,2021-10-27 04:04:00,IN-STORE,PENDING,AKL01-355,AKL01
3793,8,011d2850-834c-4e63-ba56-87f2b0d95077,2021-10-26 04:28:00,IN-STORE,COMPLETED,SYD01-722,SYD01
740,3,011d8542-dcde-4bd9-b686-0dc2e43acd4a,2021-10-29 04:41:00,IN-STORE,COMPLETED,BNE02-44,BNE02
1426,5,011de38b-7fc3-47aa-b106-e0a8942fea61,2021-12-26 22:53:00,IN-STORE,COMPLETED,MEL01-482,MEL01
121,1,011fab27-3665-4f46-ab66-2dcdf9c696ab,2021-11-19 23:35:00,IN-STORE,COMPLETED,AKL01-207,AKL01
3610,8,012061b5-48e6-4275-8a4a-10f7f70900bd,2021-11-28 23:37:00,IN-STORE,COMPLETED,SYD01-558,SYD01
3109,8,01212ea2-61f1-4696-8cb2-c1ad992136eb,2021-10-24 01:02:00,IN-STORE,COMPLETED,SYD01-106,SYD01
513,2,01233ed1-9c21-4100-bee2-fab720629436,2021-10-25 00:00:00,IN-STORE,COMPLETED,AKL02-2,AKL02
1455,5,01235b92-348b-4a8b-a8d4-9c90734491e7,2021-10-26 05:14:00,IN-STORE,COMPLETED,MEL01-508,MEL01
3286,8,012438df-6768-46c2-9d7e-137f1fba70e6,2021-10-14 00:14:00,IN-STORE,COMPLETED,SYD01-266,SYD01
4364,9,01244354-659f-465d-b97e-fc16429866d2,2021-12-07 20:40:00,IN-STORE,COMPLETED,WLG01-561,WLG01
1156,5,012599e4-62b5-40dc-b9d9-b9192b20fe8e,2021-12-19 21:31:00,IN-STORE,COMPLETED,MEL01-239,MEL01
2379,6,0126411a-06dd-4684-9136-4489705f7bd9,2021-11-21 10:57:00,IN-STORE,COMPLETED,MEL02-575,MEL02
3761,8,0126e6e1-f097-4090-8b1c-165d369e8ee3,2021-11-04 22:23:00,IN-STORE,COMPLETED,SYD01-694,SYD01
1623,5,0128542e-0378-448b-99ac-629ad3102ee6,2021-12-30 06:31:00,IN-STORE,COMPLETED,MEL01-66,MEL01
3248,8,0128a592-d099-4d90-81ed-b51234ce4b27,2021-10-07 02:48:00,IN-STORE,COMPLETED,SYD01-231,SYD01
4056,9,0128e022-3d66-4ce4-b593-3fc6e0c78538,2021-12-10 04:58:00,IN-STORE,COMPLETED,WLG01-284,WLG01
593,2,012a2839-7940-4557-aea1-b38cbf1385f4,2021-11-08 02:46:00,IN-STORE,COMPLETED,AKL02-92,AKL02
1741,5,012a806a-7167-4b24-a8e9-cff272a6e006,2021-10-13 06:33:00,IN-STORE,COMPLETED,MEL01-766,MEL01
4066,9,012a91de-5cc5-49e1-b659-9b6cd53d8253,2021-12-10 20:20:00,IN-STORE,COMPLETED,WLG01-293,WLG01
3290,8,012b04ad-2ee3-459e-b83c-0c55d14ff306,2021-11-27 22:02:00,ONLINE,COMPLETED,SYD01-27,SYD01
543,2,012b4b02-1c47-409e-a4ed-c35976ab4af7,2021-12-17 21:14:00,IN-STORE,COMPLETED,AKL02-47,AKL02
2834,7,012bc830-ebb0-4a56-9628-72400d7a69d4,2021-12-14 00:05:00,IN-STORE,COMPLETED,PER01-309,PER01
1577,5,012c0150-e8ac-42c2-8a63-cfec14be714a,2021-11-07 02:48:00,IN-STORE,COMPLETED,MEL01-618,MEL01
510,2,012c115b-409a-4465-b927-9e0e379b8ca7,2021-10-14 23:25:00,IN-STORE,COMPLETED,AKL02-17,AKL02
1149,5,012c7f23-66f3-4dca-ac9e-4b9f882179e0,2021-10-09 03:48:00,IN-STORE,COMPLETED,MEL01-232,MEL01
2325,6,012d859e-5f1d-4851-a376-5086c48d38e0,2021-11-30 04:25:00,IN-STORE,COMPLETED,MEL02-526,MEL02
578,2,012db10f-51d7-4025-b81d-868107aa381a,2021-12-04 02:46:00,IN-STORE,COMPLETED,AKL02-79,AKL02
710,3,012e35bc-a13f-496d-951f-8f5629727290,2021-12-09 07:47:00,ONLINE,COMPLETED,BNE02-198,BNE02
2790,7,012e3d98-3fbf-4509-9ce1-8a96c5dba389,2021-11-14 07:34:00,IN-STORE,COMPLETED,PER01-27,PER01
680,3,012ef943-507b-4bc8-ad2a-2e66f65c88a5,2021-11-02 03:51:00,IN-STORE,COMPLETED,BNE02-170,BNE02
3783,8,0132d4c3-c8ac-49ba-884c-9a9664f49c04,2021-11-30 23:35:00,IN-STORE,COMPLETED,SYD01-713,SYD01
93,1,0133bd30-38ed-456f-8381-da8743af976c,2021-11-08 02:05:00,IN-STORE,PENDING,AKL01-182,AKL01
2910,7,0133e0ea-7038-4460-8dbb-08ba063fedb1,2021-12-05 04:12:00,IN-STORE,COMPLETED,PER01-378,PER01
509,2,01340e94-cc61-42e0-8c1d-2ad2a647c085,2021-11-24 03:25:00,IN-STORE,COMPLETED,AKL02-16,AKL02
3050,7,0134731b-312d-459f-aa1c-4de5635e4144,2021-10-23 11:16:00,IN-STORE,COMPLETED,PER01-53,PER01
3132,8,0134ca65-7c67-4d89-9479-ea94a3acb96e,2021-11-06 06:52:00,IN-STORE,COMPLETED,SYD01-127,SYD01
1481,5,01360060-34d6-4c2c-acdc-b1a52347570a,2021-12-09 23:14:00,IN-STORE,COMPLETED,MEL01-531,MEL01
1318,5,01391bc4-2f3c-496b-bcb9-5221fbf8bf01,2021-09-30 22:24:00,IN-STORE,COMPLETED,MEL01-385,MEL01
2889,7,013b6572-8975-4788-a5d4-2fd7e52520e2,2021-12-09 11:50:00,IN-STORE,COMPLETED,PER01-359,PER01
2847,7,013bd118-c8da-4c13-8155-8ff5303be29e,2021-12-09 11:48:00,IN-STORE,COMPLETED,PER01-320,PER01
2677,7,013bdffc-71ba-4cef-ae61-532785eb90c9,2021-10-17 01:02:00,IN-STORE,COMPLETED,PER01-168,PER01
3150,8,013e33f7-85e7-4d3c-88d3-2fc0a36945f4,2021-12-27 08:53:00,IN-STORE,COMPLETED,SYD01-143,SYD01
3240,8,013fe8c8-d267-48f4-a698-6878ce3c4eac,2022-01-03 02:41:00,IN-STORE,COMPLETED,SYD01-224,SYD01
1260,5,0141d700-2b7c-49b8-9532-7629af517537,2021-10-19 21:49:00,IN-STORE,CANCELED,MEL01-332,MEL01
1415,5,0141d766-7db2-4dff-bdab-e88a8f672845,2021-11-11 03:46:00,IN-STORE,COMPLETED,MEL01-472,MEL01
4526,9,01425e30-534d-4813-a765-79b5aefd65ca,2021-11-01 22:13:00,IN-STORE,COMPLETED,WLG01-707,WLG01
1319,5,01435b34-43ec-42fc-9ef5-320b5a0f18e8,2021-11-30 02:17:00,IN-STORE,COMPLETED,MEL01-386,MEL01
920,4,0143718d-9705-4b23-876d-d3c7e9007bd6,2021-12-04 21:27:00,IN-STORE,COMPLETED,CBR01-26,CBR01
1190,5,0145b486-aa26-4f84-9525-fada1c3dd17d,2021-10-12 02:12:00,IN-STORE,COMPLETED,MEL01-27,MEL01
3413,8,01460028-6141-4109-81d0-b30e46218755,2022-01-05 23:31:00,IN-STORE,PENDING,SYD01-380,SYD01
2655,7,0146792a-9dcd-42fd-946d-019ac5c95be9,2021-12-17 07:08:00,IN-STORE,CANCELED,PER01-148,PER01
330,1,01485eff-1e0f-4845-9ed8-a44f7da7126d,2021-12-19 22:33:00,IN-STORE,CANCELED,AKL01-396,AKL01
3419,8,014885f6-088b-4e7f-a2b9-8a986b707f2c,2021-10-14 07:10:00,IN-STORE,COMPLETED,SYD01-386,SYD01
1581,5,01496443-d23a-406d-af22-7c05e4b9ee68,2021-12-11 22:08:00,IN-STORE,COMPLETED,MEL01-621,MEL01
3666,8,014b576e-b2e5-45ce-b389-b2be8436199a,2021-10-30 03:41:00,IN-STORE,PENDING,SYD01-608,SYD01
1751,5,014b94fa-e7ac-401d-9ebc-b578db54c1e4,2021-12-17 05:37:00,IN-STORE,COMPLETED,MEL01-775,MEL01
2625,7,014bc587-5c81-4a39-ab59-656df185ba30,2021-10-30 10:48:00,IN-STORE,COMPLETED,PER01-120,PER01
113,1,014c6bc6-3793-42ac-868e-ea7a6cedbc11,2021-10-15 23:12:00,IN-STORE,PENDING,AKL01-20,AKL01
386,1,014daaa1-713f-47fa-8732-e8498d511e2d,2021-10-04 23:22:00,IN-STORE,COMPLETED,AKL01-446,AKL01
1179,5,014eefb9-af4c-4d83-bdb7-93b56508932c,2021-12-02 22:38:00,IN-STORE,PENDING,MEL01-26,MEL01
1672,5,014f207d-fa13-46cb-8b46-aad8b871fa06,2021-11-12 08:21:00,ONLINE,PENDING,MEL01-703,MEL01
3643,8,014f5e1a-bc5c-42e5-a020-ca7c4fd7bf88,2021-11-19 08:40:00,IN-STORE,COMPLETED,SYD01-588,SYD01
79,1,014fa444-262c-4ba4-b244-9c00a8acae7f,2021-10-12 00:11:00,IN-STORE,COMPLETED,AKL01-17,AKL01
3368,8,014fb7b6-7da5-48d2-a65b-fe4bafab3a8f,2021-10-14 07:23:00,IN-STORE,COMPLETED,SYD01-34,SYD01
805,4,01512853-820a-455c-8324-879ce035806d,2021-10-26 03:11:00,IN-STORE,PENDING,CBR01-102,CBR01
53,1,0151cded-eefb-4fb8-b1ae-782a213b243c,2021-10-29 21:19:00,IN-STORE,COMPLETED,AKL01-146,AKL01
1094,5,01538ed6-bb12-427e-ac30-76caed78080c,2021-10-29 22:06:00,IN-STORE,COMPLETED,MEL01-183,MEL01
1633,5,0153d7e7-17df-4a11-95ac-83389a273be2,2021-10-05 05:34:00,IN-STORE,COMPLETED,MEL01-669,MEL01
3074,7,015480fc-2c49-41b1-8397-bcd740e2ac0c,2021-11-09 00:53:00,IN-STORE,CANCELED,PER01-75,PER01
3305,8,01549797-54e9-4f06-a34e-0b5efe11fbf4,2021-10-07 23:35:00,IN-STORE,COMPLETED,SYD01-283,SYD01
944,4,01556853-7af7-409d-851c-538bb9b31aa2,2021-10-06 07:03:00,IN-STORE,COMPLETED,CBR01-48,CBR01
1027,5,01563a17-3e2e-41ae-b5ae-2c0544db7c53,2021-12-08 02:34:00,ONLINE,COMPLETED,MEL01-122,MEL01
745,3,01567e0b-09b8-4513-9464-deb1c6b7ef47,2021-10-15 22:50:00,IN-STORE,COMPLETED,BNE02-49,BNE02
3186,8,015830f1-3416-4fcb-92f0-f0a38980b397,2021-10-27 07:28:00,IN-STORE,COMPLETED,SYD01-176,SYD01
4367,9,015996f7-aead-48f4-8ac5-77da3fe3a0dd,2021-12-05 20:50:00,IN-STORE,COMPLETED,WLG01-564,WLG01
4534,9,015a437b-484f-4651-8433-f7b44dc99f18,2021-10-20 00:53:00,IN-STORE,COMPLETED,WLG01-714,WLG01
1778,5,015aaa8f-93c7-475d-9744-debe5a8434a9,2021-12-09 23:18:00,IN-STORE,COMPLETED,MEL01-8,MEL01
606,3,015c7943-7d5c-4e93-baf0-77e3d6b0dffa,2021-12-26 05:56:00,IN-STORE,COMPLETED,BNE02-103,BNE02
2749,7,015e691e-83da-42c5-b2ab-6880063a5ba7,2021-10-23 07:33:00,IN-STORE,COMPLETED,PER01-232,PER01
2861,7,015fb3ce-b2ac-414c-8dbf-2efaac43153c,2021-11-22 05:46:00,IN-STORE,COMPLETED,PER01-333,PER01
1743,5,01615e8a-b9f0-40ce-afc9-3972ffae15b5,2021-12-11 03:15:00,IN-STORE,COMPLETED,MEL01-768,MEL01
2700,7,016233e1-9b2e-463d-8000-2e9df3454495,2021-10-11 02:52:00,IN-STORE,COMPLETED,PER01-189,PER01
3246,8,01625077-a59d-4754-a6fb-80193093495a,2021-11-13 07:23:00,IN-STORE,COMPLETED,SYD01-23,SYD01
1120,5,0162ec3b-a886-4b7d-839b-f328fcc0e356,2021-12-11 02:38:00,IN-STORE,COMPLETED,MEL01-206,MEL01
621,3,01633773-bafb-4dbd-b69a-e1551baa26a2,2021-10-16 23:12:00,IN-STORE,COMPLETED,BNE02-117,BNE02
4037,9,016432f8-9b1f-4342-b750-899fcbd18eee,2021-11-19 00:35:00,IN-STORE,COMPLETED,WLG01-267,WLG01
3535,8,0165ed30-019a-4d16-af2b-5c4f2f6d74c5,2021-12-21 03:53:00,IN-STORE,COMPLETED,SYD01-490,SYD01
506,2,0166692d-409c-4a34-9d9a-64f8f5259d45,2021-10-27 22:22:00,IN-STORE,PENDING,AKL02-13,AKL02
703,3,0166e68d-453c-4b0f-9584-fc94ea071378,2021-10-19 22:46:00,IN-STORE,COMPLETED,BNE02-191,BNE02
1165,5,016706fa-8abb-409c-ae13-3a775862b710,2021-12-15 21:18:00,IN-STORE,COMPLETED,MEL01-247,MEL01
919,4,0167a4cb-1021-4cd4-86a5-9f1855ba9665,2021-11-16 22:44:00,IN-STORE,COMPLETED,CBR01-25,CBR01
3921,9,0168cfe1-c261-4b94-8519-62ba7c69dbfe,2021-11-03 22:16:00,IN-STORE,COMPLETED,WLG01-162,WLG01
507,2,0169a4a2-88a9-40d1-a2c7-07fb0820116b,2021-10-24 03:42:00,IN-STORE,COMPLETED,AKL02-14,AKL02
3582,8,0169e1cd-e2d0-41a5-8779-5fd8b01b5417,2021-10-23 03:44:00,IN-STORE,COMPLETED,SYD01-532,SYD01
2688,7,016a837f-caca-41d8-9ea8-872b56e87413,2021-11-13 03:34:00,IN-STORE,COMPLETED,PER01-178,PER01
4162,9,016c1ed6-396f-493f-9e93-ad5adf73a405,2021-10-08 19:45:00,IN-STORE,COMPLETED,WLG01-38,WLG01
1130,5,016c3337-8b05-4ab2-9d0d-4dad9f4eeb78,2021-11-12 21:45:00,IN-STORE,COMPLETED,MEL01-215,MEL01
3983,9,016c60ea-5a34-4a45-ba9c-ae94e82f5a9e,2022-01-01 02:13:00,IN-STORE,COMPLETED,WLG01-218,WLG01
1793,5,016f2c8c-759e-4ffd-ba63-972742eb0279,2021-10-18 00:54:00,IN-STORE,COMPLETED,MEL01-812,MEL01
4001,9,016f94b0-d9f6-4e7e-b8c2-d38ab56eb705,2021-11-14 03:55:00,IN-STORE,COMPLETED,WLG01-234,WLG01
523,2,016fdace-3aeb-4536-907e-fdaac47a0ff0,2021-11-30 02:52:00,IN-STORE,CANCELED,AKL02-29,AKL02
1540,5,0170454a-5154-4c61-a2f0-c492c62946be,2021-12-15 06:25:00,IN-STORE,COMPLETED,MEL01-585,MEL01
1790,5,017060a2-2554-4535-871c-5a3c28ddcade,2021-10-17 06:13:00,IN-STORE,COMPLETED,MEL01-81,MEL01
1314,5,01709270-b3dc-4d97-8c71-31b34b3d8952,2021-12-20 01:46:00,IN-STORE,COMPLETED,MEL01-381,MEL01
517,2,01714b6b-74e8-4f7b-b265-9a020322fc92,2021-11-08 00:34:00,IN-STORE,COMPLETED,AKL02-23,AKL02
239,1,01724f3f-572c-48b2-9a14-5f46c8c13233,2021-11-25 21:35:00,IN-STORE,COMPLETED,AKL01-313,AKL01
3516,8,01725c4f-98bf-47c2-b4f1-2e721c2d242e,2021-11-29 04:53:00,IN-STORE,COMPLETED,SYD01-473,SYD01
652,3,017466ac-d3bf-4526-803b-16db8c314312,2021-11-04 22:36:00,IN-STORE,COMPLETED,BNE02-145,BNE02
4338,9,01750a17-852c-474e-a528-0b4f962f5a84,2021-11-27 00:17:00,IN-STORE,COMPLETED,WLG01-538,WLG01
1493,5,01767aba-7b34-47d5-a7f0-1b5e3fc825e6,2021-10-02 03:44:00,IN-STORE,COMPLETED,MEL01-542,MEL01
1633,5,0176b441-5758-44c5-9713-212ddb57b4c9,2021-12-06 22:22:00,IN-STORE,COMPLETED,MEL01-669,MEL01
1271,5,0177e57d-90c0-4b47-9e45-3fc195c28f12,2021-10-14 03:46:00,IN-STORE,COMPLETED,MEL01-342,MEL01
1235,5,01789ecb-2699-4c5d-ad3b-f168e9540f45,2021-11-18 03:06:00,IN-STORE,CANCELED,MEL01-31,MEL01
3424,8,0178ddb7-3fed-4be4-9bdc-2c6e858d64af,2021-10-23 08:17:00,IN-STORE,COMPLETED,SYD01-390,SYD01
1428,5,01796f12-3640-4473-93dc-7522ca697dcd,2021-12-07 03:46:00,IN-STORE,COMPLETED,MEL01-484,MEL01
4299,9,017a1fb4-520b-425f-a841-ebcafde785d6,2021-10-31 01:14:00,IN-STORE,COMPLETED,WLG01-502,WLG01
3836,8,017a5782-591a-4925-be9b-0540d6c34fcd,2021-10-30 07:18:00,IN-STORE,COMPLETED,SYD01-86,SYD01
4516,9,017b289c-5e7b-411f-b632-25410fa57589,2021-11-29 20:05:00,IN-STORE,COMPLETED,WLG01-699,WLG01
2668,7,017c0fb7-ecd3-4752-b6c7-a0ab5c70412a,2021-11-22 09:53:00,ONLINE,COMPLETED,PER01-16,PER01
1164,5,017d66e8-23c4-42da-b1bb-413d19d1bd1c,2021-11-25 21:25:00,IN-STORE,COMPLETED,MEL01-246,MEL01
2071,6,017dd49b-815c-40f3-bf5c-cc5ba9e4bd74,2021-10-16 21:09:00,IN-STORE,COMPLETED,MEL02-298,MEL02
2940,7,017ebab2-58ef-44b7-903e-f1d854f8199b,2021-12-11 05:53:00,IN-STORE,COMPLETED,PER01-404,PER01
827,4,017f9026-c477-4d51-a617-729a4ee9761a,2021-11-07 21:10:00,IN-STORE,COMPLETED,CBR01-122,CBR01
512,2,018393a2-8d80-46bc-a832-afa5182a9057,2021-10-24 00:47:00,IN-STORE,COMPLETED,AKL02-19,AKL02
1171,5,018429fe-180f-46cc-b355-fe59ed924a35,2021-10-08 01:28:00,IN-STORE,COMPLETED,MEL01-252,MEL01
2855,7,01844431-f558-43c1-bd47-b511fda0a7f1,2021-10-06 01:01:00,ONLINE,COMPLETED,PER01-328,PER01
1128,5,01863a0a-c370-446b-8dfd-b25c249dfa9f,2021-11-22 03:32:00,IN-STORE,COMPLETED,MEL01-213,MEL01
3763,8,0186dc4e-c46c-4c27-894a-8814f4a12d05,2021-11-12 04:00:00,IN-STORE,COMPLETED,SYD01-696,SYD01
3607,8,01874835-6a43-4eaa-bb8b-ca5cd0379767,2021-12-04 08:33:00,IN-STORE,CANCELED,SYD01-555,SYD01
556,2,01877382-73fa-4552-964b-5f44c018d8f7,2021-12-09 00:04:00,IN-STORE,COMPLETED,AKL02-59,AKL02
4000,9,018aad07-c50d-4137-ab55-afa72a1be2d7,2021-12-10 23:35:00,IN-STORE,COMPLETED,WLG01-233,WLG01
2235,6,018ac6d9-5d02-4052-9121-54987a6eb4f1,2021-12-06 00:12:00,IN-STORE,COMPLETED,MEL02-445,MEL02
895,4,018bd2ed-0fca-4e4d-9237-a954219a8cb7,2021-10-14 22:03:00,IN-STORE,COMPLETED,CBR01-184,CBR01
3089,7,018cd33d-20e2-4b44-97a7-f9c948c83d3e,2021-12-19 22:53:00,IN-STORE,COMPLETED,PER01-89,PER01
3864,9,018d5cbf-de56-42a9-8de7-d73c589af4ea,2021-12-29 21:30:00,IN-STORE,COMPLETED,WLG01-110,WLG01
3552,8,018ee203-42f9-4f32-9ec2-f10f32fe528e,2021-11-22 09:47:00,IN-STORE,COMPLETED,SYD01-505,SYD01
950,4,0190557f-5df4-4188-9bd5-494ea31f991c,2021-10-26 06:05:00,IN-STORE,CANCELED,CBR01-53,CBR01
1652,5,019089f0-8897-4e48-acca-06e2b2b32ef3,2021-10-19 21:02:00,IN-STORE,COMPLETED,MEL01-686,MEL01
593,2,0190ab35-8e1e-4dbc-912f-730fd7096878,2021-10-06 00:32:00,IN-STORE,COMPLETED,AKL02-92,AKL02
4367,9,0190f9d9-77b4-4e53-978f-eb41831013b7,2021-12-01 01:06:00,IN-STORE,COMPLETED,WLG01-564,WLG01
3181,8,0191edca-55dd-421d-af1a-e8210514e7f1,2021-11-10 07:55:00,IN-STORE,COMPLETED,SYD01-171,SYD01
2539,6,0192b569-cc0e-4c75-85f5-5c66c25702a5,2021-11-12 21:11:00,IN-STORE,COMPLETED,MEL02-719,MEL02
459,1,0193db4a-8dfd-4a24-9d90-07ae2c2d2684,2021-11-07 21:10:00,IN-STORE,COMPLETED,AKL01-61,AKL01
1683,5,01964242-5250-402b-9d6d-92f3a1a75c7d,2021-11-30 03:25:00,IN-STORE,PENDING,MEL01-713,MEL01
1747,5,01977efc-45f6-451f-9947-4271343104a1,2021-10-03 06:28:00,IN-STORE,COMPLETED,MEL01-771,MEL01
229,1,01979b2a-bd80-4490-bac7-5f48d1c0dc5e,2021-12-31 20:21:00,IN-STORE,COMPLETED,AKL01-304,AKL01
22,1,0197c398-cd2c-46ef-ba32-fde066a66419,2021-11-21 23:40:00,IN-STORE,COMPLETED,AKL01-118,AKL01
2646,7,0197da17-1adb-4303-8120-23d6a6f612a9,2021-11-04 11:35:00,IN-STORE,COMPLETED,PER01-14,PER01
3,1,01983432-3675-4650-894f-8f81bda00efd,2021-10-18 00:45:00,IN-STORE,CANCELED,AKL01-100,AKL01
1330,5,0199a48b-c8c4-49e8-ba70-ebbd22ad3b8d,2021-10-31 22:47:00,IN-STORE,COMPLETED,MEL01-396,MEL01
3460,8,019a5fd5-f5db-4dd2-b89e-a05052ab502a,2021-12-27 05:48:00,IN-STORE,COMPLETED,SYD01-422,SYD01
1128,5,019b7711-d5fa-43d3-9cde-0c6d4956cff1,2021-12-19 06:37:00,IN-STORE,COMPLETED,MEL01-213,MEL01
2926,7,019c9984-06d7-4529-bcd7-0cbef9d55759,2021-11-16 11:40:00,IN-STORE,COMPLETED,PER01-392,PER01
4103,9,019ce915-30b9-4312-8ea7-9f1ccc471e03,2021-12-09 23:01:00,IN-STORE,PENDING,WLG01-326,WLG01
3144,8,019d478c-e46e-4fd2-b15d-03807eec5759,2021-12-31 00:47:00,IN-STORE,COMPLETED,SYD01-138,SYD01
2516,6,019f1b5c-5c36-4c69-8e90-b9bbfe3f1c66,2021-11-23 11:25:00,IN-STORE,COMPLETED,MEL02-699,MEL02
1355,5,01a2b8a4-70d9-42a5-bb14-ea3698c8982a,2022-01-01 00:19:00,IN-STORE,COMPLETED,MEL01-418,MEL01
1124,5,01a2dea3-a4b3-4651-b7b5-94b71e7ff247,2021-12-03 01:35:00,IN-STORE,COMPLETED,MEL01-21,MEL01
588,2,01a2fb92-ac5a-489b-8b65-97e950181fb3,2021-10-15 00:57:00,IN-STORE,COMPLETED,AKL02-88,AKL02
3588,8,01a31fb6-0d65-45b5-befb-7ad569e4c109,2021-11-09 07:50:00,IN-STORE,COMPLETED,SYD01-538,SYD01
622,3,01a37d06-b53f-4317-8e61-50e11d8b2e02,2021-10-25 06:10:00,IN-STORE,COMPLETED,BNE02-118,BNE02
3326,8,01a43803-4496-4cc2-991c-192150db59f4,2022-01-01 07:33:00,IN-STORE,COMPLETED,SYD01-301,SYD01
593,2,01a5a611-aa6c-4ad5-be01-050feb842a77,2021-11-27 04:37:00,IN-STORE,COMPLETED,AKL02-92,AKL02
822,4,01a6f197-f38f-45e3-a601-63f33518b913,2021-10-13 04:47:00,IN-STORE,COMPLETED,CBR01-118,CBR01
2645,7,01a859d0-dafa-4e8d-b434-a3807b81fc1a,2021-10-29 11:46:00,IN-STORE,COMPLETED,PER01-139,PER01
270,1,01aa6ca4-3107-4947-9d8f-738aa276781e,2021-10-18 22:53:00,IN-STORE,COMPLETED,AKL01-341,AKL01
2614,7,01ab98dc-02ce-409e-a475-46f2679ee110,2021-10-18 11:33:00,IN-STORE,COMPLETED,PER01-110,PER01
3985,9,01adf7dc-9707-4622-9484-ab4cd595089d,2021-12-29 19:32:00,IN-STORE,COMPLETED,WLG01-22,WLG01
1244,5,01ae2f6b-e756-48ca-9e15-1dc02b7d90fa,2021-11-12 02:10:00,IN-STORE,COMPLETED,MEL01-318,MEL01
592,2,01af10f5-b5c6-4ce6-8ada-134dcd570e57,2021-10-12 00:25:00,IN-STORE,PENDING,AKL02-91,AKL02
4467,9,01af3108-6573-43d7-b5ae-74927747c891,2021-10-15 03:22:00,IN-STORE,PENDING,WLG01-654,WLG01
3207,8,01b1ddf4-7f04-4e1c-9489-71072640bfe8,2021-11-30 23:31:00,ONLINE,PENDING,SYD01-195,SYD01
2644,7,01b2c001-ead2-483f-94af-ad81d9f6bbad,2021-11-28 08:07:00,IN-STORE,COMPLETED,PER01-138,PER01
125,1,01b3e108-1096-43e1-953d-f1d0267409dd,2021-10-06 00:25:00,IN-STORE,COMPLETED,AKL01-210,AKL01
2757,7,01b4b2fa-27d6-4cff-baeb-c336a0f833a4,2021-11-15 10:36:00,IN-STORE,COMPLETED,PER01-24,PER01
3337,8,01b4b595-e448-412b-bca7-f7a79bb84b24,2021-10-30 23:53:00,IN-STORE,COMPLETED,SYD01-311,SYD01
498,1,01b4b9fa-fbe8-41b2-8ab1-d9db9010008b,2021-12-17 23:49:00,IN-STORE,COMPLETED,AKL01-97,AKL01
3125,8,01b6b8d4-8666-4c0a-bdb5-5f656ff1bd5a,2021-11-15 23:22:00,IN-STORE,PENDING,SYD01-120,SYD01
1871,6,01b7721c-0f3b-4e29-a9e2-28959b0c7674,2021-11-26 04:39:00,IN-STORE,COMPLETED,MEL02-117,MEL02
510,2,01b77aac-d2de-4c2d-abfe-675f6196371f,2021-10-30 03:32:00,IN-STORE,COMPLETED,AKL02-17,AKL02
2621,7,01b84dd9-b5a0-4801-843e-668dcd5354c9,2021-12-14 08:42:00,IN-STORE,COMPLETED,PER01-117,PER01
2780,7,01b87435-77cb-4bc9-8ca2-bf83bcc4c9fc,2021-12-09 07:58:00,IN-STORE,COMPLETED,PER01-260,PER01
1745,5,01b89f9a-5b59-44b6-ade0-969a5180778d,2021-11-06 05:13:00,IN-STORE,COMPLETED,MEL01-77,MEL01
3835,8,01b97f39-4088-4b90-8cb8-9be12b856be9,2021-12-18 02:05:00,IN-STORE,COMPLETED,SYD01-85,SYD01
1384,5,01bc5e29-f47b-47e4-819f-afbe28df4de7,2021-12-27 23:25:00,IN-STORE,COMPLETED,MEL01-444,MEL01
3578,8,01bf2dab-5e35-4fdb-bf35-c7f03967faee,2021-12-08 23:26:00,IN-STORE,COMPLETED,SYD01-529,SYD01
596,2,01bfb848-6573-41c5-aa07-2c6ce0b2a0ca,2021-10-07 23:50:00,IN-STORE,COMPLETED,AKL02-95,AKL02
533,2,01bfc24a-9fc9-474c-aaec-0fd5005ab788,2021-11-17 21:46:00,IN-STORE,COMPLETED,AKL02-38,AKL02
1892,6,01c030df-c1f6-49cb-ad0d-ae78741b8740,2021-12-02 08:07:00,IN-STORE,COMPLETED,MEL02-136,MEL02
1062,5,01c0d193-efd6-4c54-9af6-28b253ddffd4,2021-11-25 22:04:00,IN-STORE,COMPLETED,MEL01-154,MEL01
4268,9,01c1a9cc-0522-430d-80f3-3b027ca093b5,2021-10-08 19:58:00,IN-STORE,COMPLETED,WLG01-475,WLG01
1803,5,01c32ff8-9051-48ae-b7e9-736323006b9b,2021-11-01 02:05:00,IN-STORE,COMPLETED,MEL01-821,MEL01
2980,7,01c39c17-1437-4c40-8d5f-8e5495919402,2021-10-07 08:20:00,IN-STORE,COMPLETED,PER01-440,PER01
973,4,01c4f894-50a3-45b7-9c52-c3e2f8f6e8c7,2021-12-09 08:26:00,IN-STORE,PENDING,CBR01-74,CBR01
3653,8,01c55296-c906-4959-8509-51ceb7d5db9e,2021-10-11 04:32:00,IN-STORE,PENDING,SYD01-597,SYD01
94,1,01c5e5e7-c1cb-4543-a7fe-cd3d2b97642b,2021-11-20 02:40:00,IN-STORE,COMPLETED,AKL01-183,AKL01
1190,5,01c60754-24ee-4c74-a7cb-95cd422c9f8a,2021-11-30 02:02:00,IN-STORE,COMPLETED,MEL01-27,MEL01
435,1,01c65bff-c268-44d0-9e1b-ecc35a66dccd,2021-12-08 23:15:00,IN-STORE,COMPLETED,AKL01-490,AKL01
2418,6,01c86813-b4f0-4370-ad81-a4b0e67c713a,2021-11-01 01:07:00,IN-STORE,COMPLETED,MEL02-61,MEL02
3165,8,01ca20e9-fd03-41b0-9ae6-4d7a790b7d8f,2021-11-27 00:55:00,IN-STORE,COMPLETED,SYD01-157,SYD01
1824,5,01ca6a0c-cbf3-4779-9307-ade23ced84bd,2021-10-02 08:22:00,IN-STORE,COMPLETED,MEL01-840,MEL01
1610,5,01cabac9-6bfd-41f1-afa2-11b0ee8d5c95,2021-12-06 00:15:00,IN-STORE,PENDING,MEL01-648,MEL01
684,3,01caee6e-f1d6-4d6c-b374-fbf52c8cbc8c,2021-12-09 21:51:00,IN-STORE,COMPLETED,BNE02-174,BNE02
3011,7,01cce2de-3438-4a81-acea-4180b3492984,2021-12-11 10:55:00,IN-STORE,COMPLETED,PER01-469,PER01
768,3,01ce54de-503b-4f91-8fb7-dd1b177c4ffc,2021-10-25 23:47:00,IN-STORE,COMPLETED,BNE02-7,BNE02
3315,8,01d061a6-89f1-4060-b66d-98fe18772537,2021-12-10 09:55:00,IN-STORE,COMPLETED,SYD01-292,SYD01
76,1,01d2a850-a807-4497-99b2-a1d43b4e414a,2021-12-21 22:30:00,IN-STORE,COMPLETED,AKL01-167,AKL01
3336,8,01d44aa6-52f0-460c-8b99-60f3bf596b7e,2021-12-21 04:15:00,IN-STORE,COMPLETED,SYD01-310,SYD01
2773,7,01d4d48a-2e38-445c-a261-117ba7cdaa65,2021-10-11 08:07:00,IN-STORE,COMPLETED,PER01-254,PER01
1182,5,01d53556-2883-4eb6-b42f-f7407059c9d5,2021-12-21 01:48:00,IN-STORE,COMPLETED,MEL01-262,MEL01
1007,5,01d61754-30c3-415b-8af5-6e5aa359790f,2021-10-19 00:43:00,IN-STORE,COMPLETED,MEL01-104,MEL01
145,1,01d8230e-649e-48dd-a743-50b59506b19a,2021-12-22 23:37:00,IN-STORE,COMPLETED,AKL01-229,AKL01
793,3,01d832fb-a16a-4bae-ab2c-a86bf84b1bc9,2021-10-12 06:02:00,IN-STORE,COMPLETED,BNE02-92,BNE02
3125,8,01d886aa-e557-47a5-9f03-fff817025dc0,2021-12-23 02:04:00,IN-STORE,COMPLETED,SYD01-120,SYD01
853,4,01d8ab2d-9cd2-4ffa-9e8d-08e14b9845d4,2021-12-13 03:15:00,IN-STORE,COMPLETED,CBR01-146,CBR01
4331,9,01d92007-2067-48c1-848f-ab76878b3c53,2021-10-12 20:14:00,IN-STORE,COMPLETED,WLG01-531,WLG01
2265,6,01d9bcfb-c7d4-46ea-a897-0eb1aeea7610,2021-11-30 08:19:00,IN-STORE,PENDING,MEL02-472,MEL02
3304,8,01d9e447-9e56-4f70-83d6-bb9d698513c9,2021-12-05 03:06:00,IN-STORE,PENDING,SYD01-282,SYD01
1766,5,01da0cb5-74bd-49a6-82b6-a65db45b1a6d,2021-11-22 03:00:00,IN-STORE,COMPLETED,MEL01-789,MEL01
4154,9,01dae46d-28de-4ebb-a981-12288ec1ed86,2021-11-30 19:44:00,ONLINE,PENDING,WLG01-372,WLG01
3818,8,01db624c-7fd0-4a9f-9291-6ffeee6230db,2021-12-06 06:21:00,IN-STORE,COMPLETED,SYD01-745,SYD01
4591,9,01dc5069-6b5a-4b24-9a98-53b0be00739e,2021-12-22 22:45:00,IN-STORE,CANCELED,WLG01-766,WLG01
2922,7,01dd02d0-5719-4698-a598-82d95834b1f2,2021-10-20 04:10:00,IN-STORE,COMPLETED,PER01-389,PER01
2516,6,01e13f17-a56f-4ec8-978b-99d60086d168,2021-11-03 11:25:00,IN-STORE,COMPLETED,MEL02-699,MEL02
1609,5,01e1e9bb-e3c3-466e-9ee5-40c27b13264a,2021-10-22 03:39:00,IN-STORE,PENDING,MEL01-647,MEL01
3817,8,01e24f08-e23e-456a-b0b2-bd1ad61f8dea,2021-12-20 06:22:00,IN-STORE,COMPLETED,SYD01-744,SYD01
116,1,01e27ab4-5a23-46f2-8ea4-005d218b7e3d,2021-10-06 23:54:00,IN-STORE,COMPLETED,AKL01-202,AKL01
1172,5,01e3ba39-93e7-43d4-ad9c-41873b4762e2,2021-12-20 01:10:00,IN-STORE,COMPLETED,MEL01-253,MEL01
3818,8,01e41cc4-18ca-4614-8f1c-6acf07501d4a,2021-10-12 06:21:00,IN-STORE,COMPLETED,SYD01-745,SYD01
1497,5,01e428ea-180f-4675-a6a0-5ced54779378,2021-10-02 01:49:00,IN-STORE,COMPLETED,MEL01-546,MEL01
3499,8,01e6316f-dcea-4def-a4ed-62f4496fab65,2021-12-22 04:22:00,IN-STORE,COMPLETED,SYD01-458,SYD01
2895,7,01e663f4-b8d5-43c9-afa4-af988718b7c5,2021-11-23 23:26:00,IN-STORE,COMPLETED,PER01-364,PER01
926,4,01e685d3-ec72-4e16-8208-c0cdd2026448,2021-10-10 05:34:00,IN-STORE,COMPLETED,CBR01-31,CBR01
3116,8,01e84865-956f-47a7-9cfc-24e52911597b,2021-11-13 22:53:00,IN-STORE,CANCELED,SYD01-112,SYD01
1568,5,01e8a013-2e31-4d31-b1d3-38ad5de2282b,2021-12-09 23:12:00,IN-STORE,CANCELED,MEL01-61,MEL01
3731,8,01e8e87e-160e-4a17-8d34-740c8d827162,2021-12-15 03:21:00,IN-STORE,CANCELED,SYD01-667,SYD01
1245,5,01e8edb4-6b1d-4146-8cce-77b6223882b9,2021-10-12 01:37:00,IN-STORE,COMPLETED,MEL01-319,MEL01
3172,8,01ec58d3-6bf3-4fb7-9ce9-6ab82fcf393d,2021-11-19 22:24:00,IN-STORE,CANCELED,SYD01-163,SYD01
1295,5,01ec9aab-d644-4b35-9981-48dc7e07f10f,2021-12-16 06:32:00,IN-STORE,PENDING,MEL01-364,MEL01
1558,5,01ed5e6d-a1e9-46dd-8f94-c8f06988e89b,2021-10-04 01:22:00,IN-STORE,PENDING,MEL01-600,MEL01
1365,5,01ef8678-e062-4197-b1e8-8c0093b3db1c,2021-12-14 06:47:00,IN-STORE,CANCELED,MEL01-427,MEL01
2247,6,01ef86f6-150a-4d90-90cb-ef28cdb9dd1e,2021-11-29 22:28:00,IN-STORE,PENDING,MEL02-456,MEL02
1786,5,01ef9a3c-3f15-4afe-82f7-fcd462a81593,2021-11-03 01:25:00,IN-STORE,COMPLETED,MEL01-806,MEL01
1464,5,01efc1f6-f57f-404a-9e09-9e24de0ee300,2021-10-18 22:12:00,IN-STORE,COMPLETED,MEL01-516,MEL01
1024,5,01f265a7-55e0-48d1-a556-aa77095e2185,2021-12-20 04:36:00,IN-STORE,COMPLETED,MEL01-12,MEL01
610,3,01f56cba-4b90-4b5e-ab51-00cd1f30fde9,2021-12-11 06:54:00,IN-STORE,COMPLETED,BNE02-107,BNE02
95,1,01f723f7-14ae-4b15-a1de-24c9d343fcaa,2021-12-19 00:57:00,IN-STORE,COMPLETED,AKL01-184,AKL01
1124,5,01f7b9ab-9ba0-40e1-a751-59f5570149ee,2021-12-21 06:28:00,IN-STORE,COMPLETED,MEL01-21,MEL01
2925,7,01fa75fd-81b7-4600-976a-301002019ee5,2021-10-16 02:28:00,IN-STORE,COMPLETED,PER01-391,PER01
3781,8,01fb3385-da27-4cc9-9823-618f4e0934d8,2021-12-23 02:25:00,IN-STORE,COMPLETED,SYD01-711,SYD01
867,4,01fd169d-89ea-4df6-9757-067d9b45eda0,2021-11-04 03:58:00,IN-STORE,COMPLETED,CBR01-159,CBR01
3810,8,01fd1a15-76aa-486e-b2d6-4a401584d059,2021-10-12 23:52:00,IN-STORE,COMPLETED,SYD01-738,SYD01
525,2,01fe7b5a-5582-4165-b165-8c3e471f993c,2021-11-06 01:17:00,IN-STORE,COMPLETED,AKL02-30,AKL02
1755,5,01fea3a1-8c96-48ca-a986-eaaa3d64d232,2021-11-23 07:49:00,IN-STORE,PENDING,MEL01-779,MEL01
3942,9,01fedfe8-afab-4e17-9786-a7efa536c2e2,2021-12-18 23:47:00,IN-STORE,COMPLETED,WLG01-181,WLG01
1864,6,01ffc84f-e1df-4378-afd9-a89fe596d597,2021-12-03 09:28:00,IN-STORE,COMPLETED,MEL02-110,MEL02
538,2,02001bb4-2db1-4caf-9c88-6e2163491b35,2021-11-13 02:42:00,IN-STORE,CANCELED,AKL02-42,AKL02
3265,8,02014f97-4c9b-4b9f-b743-d9fb4b7fa96e,2021-10-02 00:15:00,IN-STORE,PENDING,SYD01-247,SYD01
293,1,02017c0e-4d70-46d8-834c-7733506c8aa2,2021-12-19 23:52:00,IN-STORE,COMPLETED,AKL01-362,AKL01
1680,5,0205761e-762b-464f-bc6c-876e2e5b9dcb,2021-11-17 21:25:00,IN-STORE,COMPLETED,MEL01-710,MEL01
540,2,020594d2-5ae6-4359-b6ad-669b2297a2ea,2021-11-25 22:08:00,IN-STORE,COMPLETED,AKL02-44,AKL02
534,2,0206a040-ee0f-482a-83a1-a1aed6a52eb3,2021-12-18 00:01:00,IN-STORE,COMPLETED,AKL02-39,AKL02
1187,5,0206a5ef-16c5-4c41-9859-225914c54e64,2021-11-06 21:11:00,IN-STORE,COMPLETED,MEL01-267,MEL01
3547,8,0207e01c-60cf-4ae1-907a-6f14b63c9e81,2021-10-29 06:28:00,IN-STORE,COMPLETED,SYD01-500,SYD01
3142,8,020877cb-87d9-49c8-954c-9050d1d10b5b,2021-11-11 23:04:00,IN-STORE,COMPLETED,SYD01-136,SYD01
2301,6,0208fe08-bfb5-46ed-b2f7-8c1bdc0bcce6,2021-11-26 22:37:00,IN-STORE,COMPLETED,MEL02-504,MEL02
699,3,02097680-20c3-4b69-8ef4-b73d303e4233,2021-12-14 02:15:00,IN-STORE,COMPLETED,BNE02-188,BNE02
2829,7,0209b9b7-fdcc-4f95-b3e8-508d7000df5b,2021-12-07 01:12:00,IN-STORE,COMPLETED,PER01-304,PER01
214,1,020a374d-3507-4ef0-82fe-ebbfb213a624,2021-11-30 23:49:00,IN-STORE,COMPLETED,AKL01-291,AKL01
1418,5,020a4e03-867c-4b4b-bc6d-482c32b58caa,2021-10-09 02:27:00,IN-STORE,COMPLETED,MEL01-475,MEL01
1473,5,020b59df-a91f-49e0-a3c7-524ce159d658,2021-12-12 07:37:00,IN-STORE,COMPLETED,MEL01-524,MEL01
3339,8,020c3c95-e194-4ed9-b36e-54510a7d5590,2021-10-26 23:58:00,IN-STORE,COMPLETED,SYD01-313,SYD01
4244,9,020c41f9-3aa3-4c0f-a0eb-2c60bf52cb8e,2021-12-24 00:25:00,IN-STORE,COMPLETED,WLG01-453,WLG01
741,3,020e03f8-ec63-450f-9807-950576f1a6ed,2021-11-21 21:58:00,IN-STORE,COMPLETED,BNE02-45,BNE02
856,4,020fdbec-1053-4b68-b47e-a4fae40cf070,2021-12-19 22:27:00,IN-STORE,COMPLETED,CBR01-149,CBR01
317,1,020ff8e7-64ab-48f4-b8a7-75c4a4868fa1,2021-10-07 02:54:00,IN-STORE,COMPLETED,AKL01-384,AKL01
3254,8,0210cc97-5ca6-47da-a06a-b6fca0f2d011,2021-10-18 07:48:00,IN-STORE,COMPLETED,SYD01-237,SYD01
1022,5,0210e58a-b2d8-4f09-8795-b04fdb368e01,2021-11-29 05:19:00,IN-STORE,PENDING,MEL01-118,MEL01
1091,5,02116075-a232-4be3-bf08-49596bdaefa0,2021-12-30 07:23:00,IN-STORE,COMPLETED,MEL01-180,MEL01
317,1,0211dcdb-e0f7-402a-ae9e-c5a374dbcf7f,2021-11-12 03:00:00,IN-STORE,COMPLETED,AKL01-384,AKL01
4301,9,02142489-76f3-4da7-8d77-843b586fadb2,2021-12-08 00:28:00,IN-STORE,COMPLETED,WLG01-504,WLG01
779,3,02144cfa-6257-4e28-8783-96a111021b29,2021-11-02 00:41:00,IN-STORE,COMPLETED,BNE02-8,BNE02
1380,5,021455d1-a0ab-4449-a321-dc75e35b9f30,2021-12-06 08:33:00,IN-STORE,COMPLETED,MEL01-440,MEL01
516,2,0215d5d6-c75b-4090-8fa7-466ff34a8f9b,2021-12-09 02:39:00,IN-STORE,PENDING,AKL02-22,AKL02
589,2,02183f6e-b693-406c-8a1d-5d77495cfa66,2021-10-26 01:30:00,IN-STORE,CANCELED,AKL02-89,AKL02
1313,5,0218ddca-2725-4f98-b01a-58a005015cad,2021-10-06 02:55:00,IN-STORE,COMPLETED,MEL01-380,MEL01
1434,5,0218e38b-deb7-4e53-b3c8-8d2bcf07257e,2021-11-03 21:13:00,IN-STORE,CANCELED,MEL01-49,MEL01
539,2,0218ef5a-eb7a-425d-90b6-01528bbcaf08,2021-12-04 03:15:00,IN-STORE,COMPLETED,AKL02-43,AKL02
3152,8,0219560a-91cc-43c2-8d41-cbc0bac5661c,2021-12-04 04:48:00,IN-STORE,COMPLETED,SYD01-145,SYD01
1140,5,021aca8b-9238-42a3-a7dd-f634c4179527,2021-11-22 21:37:00,IN-STORE,COMPLETED,MEL01-224,MEL01
241,1,021bb5d8-de3a-4f0e-b6fc-fd440b4849c0,2021-10-25 21:16:00,IN-STORE,COMPLETED,AKL01-315,AKL01
3839,8,021d6744-3cb6-4b31-b522-512eb29cc6e0,2021-12-14 02:17:00,IN-STORE,PENDING,SYD01-89,SYD01
520,2,021e6479-3a9b-4067-a7a3-196cc3680cb7,2021-12-26 03:38:00,IN-STORE,COMPLETED,AKL02-26,AKL02
3541,8,021e6d27-bc84-4fe4-a74c-90dffdc630e2,2021-11-14 07:58:00,IN-STORE,COMPLETED,SYD01-496,SYD01
1390,5,021e7cf6-41fd-48d4-bc48-8222f3d7f865,2021-10-17 03:34:00,IN-STORE,COMPLETED,MEL01-45,MEL01
543,2,021eb3ee-c5db-45ef-88a0-3544b07f3985,2021-12-04 22:19:00,IN-STORE,COMPLETED,AKL02-47,AKL02
179,1,021f7ea8-2c30-4880-8719-a368301e1c3e,2021-10-18 23:37:00,IN-STORE,COMPLETED,AKL01-26,AKL01
1452,5,021f7f6e-702b-4b44-97cc-32f6fe63788d,2021-11-02 22:33:00,IN-STORE,COMPLETED,MEL01-505,MEL01
600,2,02202401-1334-4251-9366-c7c8f58917d5,2021-10-26 03:38:00,IN-STORE,PENDING,AKL02-99,AKL02
2289,6,0220cb3f-7ad3-40c6-8b6e-b44bd0fff08a,2021-12-17 05:11:00,IN-STORE,COMPLETED,MEL02-494,MEL02
532,2,02214733-3005-4205-992e-ae9bbb1a63e9,2021-11-30 00:39:00,IN-STORE,COMPLETED,AKL02-37,AKL02
3413,8,022222e9-7998-4753-b65f-513c05ddac07,2021-11-05 07:40:00,IN-STORE,CANCELED,SYD01-380,SYD01
1795,5,0222881a-324d-4ca8-b0e0-e373069bd334,2021-11-20 07:21:00,IN-STORE,COMPLETED,MEL01-814,MEL01
3131,8,02229a72-60b7-4566-8289-a4289bab566d,2021-12-24 02:37:00,IN-STORE,COMPLETED,SYD01-126,SYD01
585,2,0223d92d-6a69-436b-8582-0900c9367133,2021-10-10 04:24:00,IN-STORE,COMPLETED,AKL02-85,AKL02
1800,5,0224268b-bfa4-4293-b8ec-a258432de99f,2021-12-13 02:45:00,IN-STORE,COMPLETED,MEL01-819,MEL01
2722,7,02251c37-f59d-48d1-ac63-3c56830d1892,2021-12-23 10:50:00,ONLINE,COMPLETED,PER01-208,PER01
1515,5,022700cf-6c57-43bf-b903-ebb9514ed277,2021-10-02 02:21:00,IN-STORE,COMPLETED,MEL01-562,MEL01
1581,5,022726ae-0563-4ef1-adf8-e64d515a286c,2021-12-23 04:57:00,IN-STORE,COMPLETED,MEL01-621,MEL01
1579,5,022799a6-5a1d-4089-908c-28ecc372bae6,2021-11-19 23:39:00,IN-STORE,COMPLETED,MEL01-62,MEL01
3563,8,022808b7-007a-4b5f-b64a-a595e007fcf3,2021-11-14 02:21:00,ONLINE,COMPLETED,SYD01-515,SYD01
3516,8,0229a183-ba0f-463a-bcae-073032b51b42,2021-11-16 22:09:00,IN-STORE,COMPLETED,SYD01-473,SYD01
3404,8,022a5d7e-27d9-4cca-b16d-9d7033468002,2021-10-10 22:08:00,IN-STORE,COMPLETED,SYD01-372,SYD01
1716,5,022aaece-eef9-4bb9-a21f-d64b1ac4dd6e,2021-10-03 02:51:00,IN-STORE,COMPLETED,MEL01-743,MEL01
4321,9,022ade32-e09c-4318-991f-1684f4217798,2021-10-11 00:46:00,IN-STORE,COMPLETED,WLG01-522,WLG01
3296,8,022b55d5-cc0c-4b5d-a543-a5ba639e82bf,2021-12-30 03:49:00,IN-STORE,COMPLETED,SYD01-275,SYD01
2959,7,022b9ec7-9543-47dd-b7f9-96e4902c7e92,2021-10-06 11:28:00,IN-STORE,COMPLETED,PER01-421,PER01
569,2,022be895-babc-493d-94e0-3413b57035ac,2021-11-18 03:38:00,IN-STORE,COMPLETED,AKL02-70,AKL02
3526,8,022ca259-994b-41e3-af52-22f9c5155248,2021-11-25 23:56:00,IN-STORE,COMPLETED,SYD01-482,SYD01
2170,6,022cb151-9c2d-4a6d-917a-63b2b3b46e03,2021-11-22 04:22:00,IN-STORE,CANCELED,MEL02-387,MEL02
1227,5,022f63ec-619f-4aaa-a3c8-d6613982aa62,2021-11-15 00:56:00,IN-STORE,COMPLETED,MEL01-302,MEL01
3632,8,02309695-ad6a-4ea1-bd35-bc6411c5d787,2021-12-07 04:46:00,IN-STORE,PENDING,SYD01-578,SYD01
3664,8,0230c355-6dbc-4147-a9fb-acf78167f0ee,2021-12-20 22:02:00,IN-STORE,COMPLETED,SYD01-606,SYD01
1473,5,0230d5f2-7e1f-4454-8d49-2c7c7acae55d,2021-10-11 05:36:00,IN-STORE,CANCELED,MEL01-524,MEL01
3256,8,0230e63e-7311-438a-abe9-adb83377d356,2021-11-01 02:49:00,IN-STORE,COMPLETED,SYD01-239,SYD01
3970,9,02310ce0-f6c4-47b0-bc9c-c683bb736d10,2021-12-24 01:05:00,IN-STORE,COMPLETED,WLG01-206,WLG01
1104,5,02314849-abde-42ef-8647-f8b60a156d53,2021-12-24 22:07:00,IN-STORE,COMPLETED,MEL01-192,MEL01
3348,8,02325037-5707-4f1a-99e9-fa0df3509f50,2021-12-08 07:32:00,IN-STORE,PENDING,SYD01-321,SYD01
2628,7,0232b7ab-4c0a-4e6c-ac80-21be1c9da7f3,2021-10-18 04:38:00,IN-STORE,COMPLETED,PER01-123,PER01
1242,5,02354e48-bdeb-45b5-a9a1-4c7b4f813145,2021-12-17 06:55:00,ONLINE,COMPLETED,MEL01-316,MEL01
3150,8,023795c6-7c8f-4a3e-a300-ad9c9f7d9ec3,2021-12-12 01:34:00,IN-STORE,COMPLETED,SYD01-143,SYD01
3410,8,02380c1c-bf7d-42d5-b96c-df2050876bb6,2021-12-01 03:20:00,IN-STORE,CANCELED,SYD01-378,SYD01
3501,8,0238575a-bfee-4638-b932-dc4eb680f99c,2021-10-19 07:11:00,IN-STORE,COMPLETED,SYD01-46,SYD01
577,2,02399b29-5497-4fee-878e-7a0b930a6206,2021-10-18 00:28:00,IN-STORE,COMPLETED,AKL02-78,AKL02
1922,6,0239ba22-9adc-4806-abd8-3d0376206218,2021-11-23 16:06:00,IN-STORE,COMPLETED,MEL02-163,MEL02
2560,6,023d0cfe-e50d-4131-8929-4c1b600ea7ee,2021-10-29 22:06:00,IN-STORE,COMPLETED,MEL02-738,MEL02
592,2,023d9677-b84f-4d4b-ad39-18d69b08df19,2021-11-26 01:56:00,IN-STORE,COMPLETED,AKL02-91,AKL02
950,4,023e17e8-388e-4d1a-a890-d76084e70c2a,2021-11-18 22:50:00,IN-STORE,COMPLETED,CBR01-53,CBR01
2653,7,023f7063-82cb-4999-aa77-d2c74f5b9f4b,2021-12-05 10:53:00,IN-STORE,COMPLETED,PER01-146,PER01
3404,8,023faff3-95e4-46de-b126-57d6ef2b1ff9,2021-12-05 22:08:00,IN-STORE,COMPLETED,SYD01-372,SYD01
2850,7,024083d9-7982-460c-8d01-8654e995e860,2021-11-20 11:04:00,IN-STORE,CANCELED,PER01-323,PER01
749,3,02411581-2563-4201-b70a-604f99b704fb,2021-10-25 09:38:00,IN-STORE,COMPLETED,BNE02-52,BNE02
541,2,02416f0f-890e-4f22-9bc5-7f8f2b684c30,2021-11-26 03:14:00,IN-STORE,PENDING,AKL02-45,AKL02
3810,8,0242c78b-efc4-431e-a41b-0b4dc3266627,2021-11-14 04:05:00,IN-STORE,COMPLETED,SYD01-738,SYD01
588,2,024382c2-9522-4d87-80b0-3a0faab63167,2021-11-08 00:38:00,IN-STORE,COMPLETED,AKL02-88,AKL02
1049,5,0243a8e6-2938-4f41-a6b9-d317687dc201,2021-11-04 01:37:00,IN-STORE,COMPLETED,MEL01-142,MEL01
4612,9,02449e11-3e91-49c6-a0b3-c0f20aa08b68,2021-11-16 20:55:00,IN-STORE,COMPLETED,WLG01-785,WLG01
3599,8,0244af5d-c74e-4e5f-9aa2-aa93bb83129e,2021-12-30 22:40:00,IN-STORE,COMPLETED,SYD01-548,SYD01
2739,7,02455839-c0a6-4ca0-b0e5-8f868769bdfe,2021-12-23 23:24:00,IN-STORE,COMPLETED,PER01-223,PER01
1434,5,02458899-314e-477e-9cac-fcf65848263e,2021-10-21 04:14:00,IN-STORE,CANCELED,MEL01-49,MEL01
638,3,024723ea-86b7-44da-a3a5-d7e3b42dd00a,2021-11-05 02:49:00,IN-STORE,COMPLETED,BNE02-132,BNE02
3745,8,02474a33-ce67-4e1d-8c6d-de9618da4679,2021-11-23 09:28:00,IN-STORE,COMPLETED,SYD01-68,SYD01
993,4,0248a018-50f1-4ab1-ab99-f6443c3a67ae,2021-12-13 21:58:00,IN-STORE,COMPLETED,CBR01-92,CBR01
2994,7,0248daba-2048-4ec6-8b22-9b0c305422d2,2021-11-02 10:28:00,IN-STORE,COMPLETED,PER01-453,PER01
635,3,0248e5ad-613b-41cb-b678-5a08586442f6,2021-10-31 03:40:00,IN-STORE,COMPLETED,BNE02-13,BNE02
4200,9,024aa0cf-bcd1-40ad-bf9c-e7be97a5c2eb,2021-12-18 21:27:00,IN-STORE,COMPLETED,WLG01-413,WLG01
4164,9,024ae0d8-0c7c-43a3-bc80-41c5a9247cd9,2021-12-13 01:38:00,IN-STORE,COMPLETED,WLG01-381,WLG01
1587,5,024b591a-3ead-4ecd-9a43-a96e50085040,2021-12-21 02:36:00,IN-STORE,PENDING,MEL01-627,MEL01
1463,5,024c8052-7c9c-492c-a3c5-7943bf850937,2021-10-30 05:49:00,IN-STORE,COMPLETED,MEL01-515,MEL01
4539,9,024c9093-50c1-4bf6-b945-78cc315a2f9a,2021-11-13 20:23:00,IN-STORE,COMPLETED,WLG01-719,WLG01
3449,8,024fde0d-8a93-40d5-beca-873a748805f3,2021-10-27 02:40:00,IN-STORE,CANCELED,SYD01-412,SYD01
3023,7,0250ebb6-412f-45c3-87d5-10c1afe58ee5,2021-12-10 23:27:00,IN-STORE,CANCELED,PER01-48,PER01
616,3,0250fbe7-6b20-42a5-a09a-dd23db002c15,2021-11-10 00:33:00,IN-STORE,CANCELED,BNE02-112,BNE02
537,2,025168b6-0688-4b04-906e-83e4739fb813,2021-10-16 03:03:00,IN-STORE,CANCELED,AKL02-41,AKL02
3229,8,025198ff-f00a-40ce-a30c-391ab746ba28,2021-11-15 05:16:00,IN-STORE,COMPLETED,SYD01-214,SYD01
3113,8,0251aa23-dd91-4615-9ead-f59807dea22e,2022-01-01 07:07:00,ONLINE,PENDING,SYD01-11,SYD01
1545,5,02532ba9-8f42-454c-80af-531017c64365,2021-12-06 01:44:00,IN-STORE,COMPLETED,MEL01-59,MEL01
1848,5,0253bc3f-83d9-487b-9979-b1e0d97f63b8,2021-10-20 01:03:00,IN-STORE,COMPLETED,MEL01-97,MEL01
457,1,0254b927-268a-40b8-9b20-60523c8c9ee0,2021-10-20 22:27:00,IN-STORE,COMPLETED,AKL01-6,AKL01
340,1,02552cee-7c28-4422-94a0-67a54622491d,2021-10-14 23:25:00,IN-STORE,PENDING,AKL01-404,AKL01
926,4,02563673-03f2-4aa0-a5ef-190f79e8afbc,2021-11-11 05:34:00,IN-STORE,COMPLETED,CBR01-31,CBR01
2465,6,02576e93-83b3-4ce3-816d-21b17689250e,2021-10-28 00:44:00,IN-STORE,COMPLETED,MEL02-652,MEL02
3404,8,02584420-fd5b-4f9c-8fd2-9c5c51d6e994,2021-11-06 01:48:00,IN-STORE,COMPLETED,SYD01-372,SYD01
2810,7,0258858b-8a57-40e7-b014-5a151c4b8cf1,2021-11-12 10:43:00,IN-STORE,PENDING,PER01-288,PER01
1803,5,0258892c-82d8-4c73-8d2f-3a1405f2a8eb,2021-12-26 22:59:00,IN-STORE,COMPLETED,MEL01-821,MEL01
635,3,02599db9-f22c-425d-8d01-101bd0b2e5df,2021-11-26 00:52:00,IN-STORE,COMPLETED,BNE02-13,BNE02
986,4,025cb37e-457d-4288-9458-78403fc45716,2021-12-20 01:49:00,IN-STORE,COMPLETED,CBR01-86,CBR01
3496,8,025d077c-230b-4b82-a1bd-b99c27a674c6,2021-11-03 06:49:00,IN-STORE,COMPLETED,SYD01-455,SYD01
552,2,025e1801-0735-401e-a009-442e8c0078da,2021-11-13 00:01:00,IN-STORE,COMPLETED,AKL02-55,AKL02
3514,8,025e7e08-3f7d-4653-9727-1c8081cac36b,2021-11-11 06:23:00,IN-STORE,CANCELED,SYD01-471,SYD01
3476,8,026072b9-a4ed-4227-bba2-565fc02a07ad,2021-12-28 03:03:00,IN-STORE,COMPLETED,SYD01-437,SYD01
3413,8,0260d20c-ebec-4ef6-839a-697734f514e1,2022-01-01 07:40:00,IN-STORE,CANCELED,SYD01-380,SYD01
2345,6,026102eb-3974-40d7-9a96-f42edfd46f00,2021-12-22 07:22:00,IN-STORE,COMPLETED,MEL02-544,MEL02
4171,9,0262844b-4545-41dd-9a7d-b389a9cfd720,2021-12-12 20:34:00,IN-STORE,COMPLETED,WLG01-388,WLG01
561,2,0265dd1c-6958-480d-8e99-2265584aaf5b,2021-12-01 02:26:00,ONLINE,COMPLETED,AKL02-63,AKL02
3788,8,0267909c-172c-40e2-89a0-5f8fa5a8fe5b,2021-12-11 00:26:00,IN-STORE,COMPLETED,SYD01-718,SYD01
2674,7,0268c89d-dc11-49c2-9898-5903b22be31b,2021-12-14 07:08:00,IN-STORE,COMPLETED,PER01-165,PER01
3765,8,02695726-6419-406c-a341-3f114dcb1d32,2021-10-05 09:53:00,IN-STORE,COMPLETED,SYD01-698,SYD01
1195,5,02699279-620d-4eee-a6f3-d6fb3d9acb99,2021-11-21 06:05:00,IN-STORE,CANCELED,MEL01-274,MEL01
3483,8,0269aa07-cc84-441c-be62-86498d86e408,2021-10-21 23:44:00,IN-STORE,COMPLETED,SYD01-443,SYD01
4101,9,026a43ab-0ba1-4c0e-873a-2bb1d2d656b5,2021-11-14 20:07:00,IN-STORE,COMPLETED,WLG01-324,WLG01
3810,8,026adb00-2d13-48fa-a78e-26eedf193e49,2021-10-07 04:05:00,IN-STORE,COMPLETED,SYD01-738,SYD01
3731,8,026ae7d2-fd1f-439e-bb15-53b88a9561cf,2021-12-07 23:02:00,IN-STORE,COMPLETED,SYD01-667,SYD01
1766,5,026df81e-af81-46c0-82af-01da88c3935b,2021-10-17 03:00:00,IN-STORE,COMPLETED,MEL01-789,MEL01
1065,5,026dff07-d022-40c5-8e6e-393dd03e2ab3,2021-12-21 04:47:00,IN-STORE,COMPLETED,MEL01-157,MEL01
3423,8,026ffd9c-5e2f-494a-8572-98792c021957,2021-11-17 22:05:00,IN-STORE,COMPLETED,SYD01-39,SYD01
1723,5,02702004-b0f5-4091-8adc-6a2a3daa92ba,2021-10-24 06:43:00,IN-STORE,COMPLETED,MEL01-75,MEL01
3274,8,02702398-869c-4287-88b1-aaa34fbe3154,2021-10-23 02:30:00,IN-STORE,PENDING,SYD01-255,SYD01
1764,5,0272096b-b61e-4b8f-be41-c3452a0ba614,2021-11-29 21:23:00,IN-STORE,COMPLETED,MEL01-787,MEL01
1595,5,0272b49c-3de2-43d3-a212-e170dabc2ec9,2021-11-03 23:38:00,IN-STORE,COMPLETED,MEL01-634,MEL01
1844,5,0272e07c-9a07-4d38-81a6-ec048a8b6b6e,2021-12-20 22:49:00,IN-STORE,PENDING,MEL01-93,MEL01
3825,8,0273bcb3-c322-4412-aa70-6530f766595b,2021-10-27 07:26:00,IN-STORE,CANCELED,SYD01-76,SYD01
1015,5,02761d4f-80cd-4b6c-b067-2767320eabc6,2021-12-13 06:47:00,IN-STORE,PENDING,MEL01-111,MEL01
684,3,0278097f-9803-47fb-b8f2-9cd70282847a,2021-12-22 05:49:00,IN-STORE,COMPLETED,BNE02-174,BNE02
2883,7,02780ae0-0127-4788-b7e8-c3ecc776939e,2021-10-01 04:22:00,IN-STORE,PENDING,PER01-353,PER01
622,3,027a1849-cf04-4df8-bbf2-7a2f13174820,2021-10-15 08:55:00,ONLINE,COMPLETED,BNE02-118,BNE02
1627,5,027cff7b-3d28-4960-aee4-534c9208bc9b,2021-10-30 02:09:00,IN-STORE,COMPLETED,MEL01-663,MEL01
686,3,027eec4c-11f2-4016-82ee-75ec6148f02b,2021-11-09 07:38:00,IN-STORE,COMPLETED,BNE02-176,BNE02
2057,6,02807690-a1da-4678-b304-65d432414ca9,2021-10-24 06:21:00,IN-STORE,COMPLETED,MEL02-285,MEL02
2119,6,0281d9b8-a9c7-42c4-bb19-14ed4bf8f17c,2021-11-08 16:24:00,IN-STORE,CANCELED,MEL02-340,MEL02
4138,9,02825a82-c1db-404f-95a5-ac6547489f4c,2021-10-24 01:34:00,IN-STORE,COMPLETED,WLG01-358,WLG01
1389,5,0283e0ca-2ac0-4839-ab44-5aa8d38e7349,2021-12-29 06:38:00,IN-STORE,COMPLETED,MEL01-449,MEL01
3778,8,02846f04-2e35-41cf-a3ce-9006396b3b51,2021-10-25 03:37:00,IN-STORE,COMPLETED,SYD01-709,SYD01
1330,5,02848970-5922-40c4-abf1-571a6268545f,2021-11-04 22:47:00,IN-STORE,COMPLETED,MEL01-396,MEL01
1318,5,028497bc-19f5-4970-88e1-4ef46a2f8f3e,2021-11-10 22:24:00,IN-STORE,COMPLETED,MEL01-385,MEL01
4564,9,02851831-e605-47df-a19e-42a563554f53,2021-09-30 23:01:00,IN-STORE,COMPLETED,WLG01-741,WLG01
728,3,02852faf-3461-4a52-baab-911583f0bc71,2021-12-25 05:39:00,IN-STORE,COMPLETED,BNE02-33,BNE02
1509,5,028545c7-a383-48b7-958f-31693ea58680,2021-12-18 02:55:00,IN-STORE,CANCELED,MEL01-557,MEL01
3333,8,0285e241-f13f-423b-97d3-c2b091305266,2021-12-23 02:59:00,IN-STORE,COMPLETED,SYD01-308,SYD01
1240,5,02866cff-f3b5-4ea5-9050-d7e5a42a9b46,2021-12-10 22:36:00,IN-STORE,COMPLETED,MEL01-314,MEL01
1431,5,02867cc7-a1fe-4611-a49b-42d60d7a730b,2021-12-18 22:44:00,IN-STORE,COMPLETED,MEL01-487,MEL01
3157,8,0287316d-5704-4a46-9189-aaf66bd35669,2021-12-09 03:34:00,IN-STORE,COMPLETED,SYD01-15,SYD01
3278,8,02878d94-de76-4022-8aa5-0d67df799128,2021-12-06 06:54:00,IN-STORE,COMPLETED,SYD01-259,SYD01
452,1,0287a4b7-42ce-4d97-a08b-16689970e608,2021-10-26 23:43:00,IN-STORE,COMPLETED,AKL01-55,AKL01
3929,9,028817bf-8cac-4957-8c17-61a4f2b7e5c9,2021-12-26 00:25:00,IN-STORE,COMPLETED,WLG01-17,WLG01
1527,5,0288ad2d-8f97-4006-b9f8-1988ec417f05,2021-10-19 23:22:00,IN-STORE,COMPLETED,MEL01-573,MEL01
4466,9,02891e12-1ac5-445e-8fa7-94bd0ee16363,2021-11-07 20:12:00,IN-STORE,CANCELED,WLG01-653,WLG01
1578,5,028960d3-c03d-433b-b886-ec7f5388841b,2021-12-25 21:26:00,IN-STORE,COMPLETED,MEL01-619,MEL01
453,1,028afa9c-1114-4585-995a-98bbded62adb,2021-11-15 22:19:00,IN-STORE,COMPLETED,AKL01-56,AKL01
852,4,028b0842-f39d-4cac-ac7e-e8bbfcf1d41c,2021-11-21 02:25:00,IN-STORE,PENDING,CBR01-145,CBR01
3953,9,028cd267-5d4e-4110-a708-d0e25d42bf21,2021-10-14 00:12:00,IN-STORE,COMPLETED,WLG01-191,WLG01
868,4,028ec6d6-97d1-4063-9156-291f3949749f,2021-10-14 23:02:00,IN-STORE,COMPLETED,CBR01-16,CBR01
1412,5,028fc246-27b1-4640-a6ab-a892edf3c423,2021-11-15 01:16:00,IN-STORE,CANCELED,MEL01-47,MEL01
1731,5,0291178a-fc72-4744-918e-18da22357819,2021-10-19 01:17:00,IN-STORE,COMPLETED,MEL01-757,MEL01
632,3,02916a32-b645-4646-a1af-b9e2455a46ba,2021-10-15 07:02:00,IN-STORE,COMPLETED,BNE02-127,BNE02
4240,9,0291a92c-b9b3-4dfd-8653-cd0db59a584d,2021-10-24 20:55:00,IN-STORE,COMPLETED,WLG01-45,WLG01
4435,9,0291f853-7f72-4a21-9521-7cfef202a20c,2021-12-12 19:51:00,IN-STORE,COMPLETED,WLG01-625,WLG01
3516,8,02931435-ffc7-48de-b7b9-bb90237d201a,2021-12-30 22:09:00,IN-STORE,COMPLETED,SYD01-473,SYD01
3463,8,0293693c-925d-42b1-99e4-c530d19b4955,2021-10-21 03:46:00,IN-STORE,COMPLETED,SYD01-425,SYD01
4465,9,0293a244-0bbb-49bc-b9e4-556ff00aa637,2021-11-09 00:57:00,IN-STORE,COMPLETED,WLG01-652,WLG01
1005,5,029423fb-9f29-46f1-a043-bd92e62b452e,2021-10-01 01:01:00,IN-STORE,COMPLETED,MEL01-102,MEL01
1663,5,0294e7fc-a57d-45aa-8280-4f8d73365265,2021-12-14 23:53:00,IN-STORE,COMPLETED,MEL01-696,MEL01
160,1,02953ad9-c8b1-41da-acd5-d025a6be5543,2021-12-30 23:13:00,IN-STORE,COMPLETED,AKL01-242,AKL01
1040,5,029645d9-9b13-4dfa-9c96-bc67f38e2d9d,2021-12-10 06:14:00,IN-STORE,COMPLETED,MEL01-134,MEL01
588,2,02969ec3-b835-48b7-9068-315722f548af,2021-11-17 00:57:00,IN-STORE,COMPLETED,AKL02-88,AKL02
449,1,0296ca6f-4fbe-49ef-8a08-6ad1e7c1284f,2021-10-16 00:06:00,IN-STORE,COMPLETED,AKL01-52,AKL01
695,3,0297ced2-b49a-49e2-961c-9c61e191a68f,2021-11-10 22:57:00,IN-STORE,COMPLETED,BNE02-184,BNE02
4184,9,02983ab3-7934-40c4-8f33-e168013313c2,2021-12-02 02:54:00,IN-STORE,COMPLETED,WLG01-4,WLG01
589,2,0298d49d-e6d0-47cf-8fc1-e2602420fefe,2021-12-03 23:20:00,IN-STORE,COMPLETED,AKL02-89,AKL02
3413,8,029af8ec-65ac-4798-9be9-3a4e9bb97337,2021-11-19 23:32:00,IN-STORE,COMPLETED,SYD01-380,SYD01
589,2,029f82e3-7c82-4880-ae89-4d0a605adf5e,2021-11-18 04:39:00,IN-STORE,COMPLETED,AKL02-89,AKL02
505,2,02a1fdc0-9098-4238-8c97-f1589ee11b9a,2021-11-18 00:16:00,IN-STORE,COMPLETED,AKL02-12,AKL02
1745,5,02a2d8f4-1046-4725-b26e-a33d2264c6ac,2021-12-14 07:37:00,IN-STORE,COMPLETED,MEL01-77,MEL01
2609,7,02a2ee7c-a5fa-48f0-b37d-9bf94fc8e67f,2021-12-30 11:23:00,IN-STORE,COMPLETED,PER01-106,PER01
3597,8,02a54e1b-a03b-41cc-ad84-3fd9608a39dc,2021-12-05 22:26:00,IN-STORE,COMPLETED,SYD01-546,SYD01
581,2,02a5a8ba-446d-4949-9580-c8d2ea7c0ed7,2021-12-18 01:25:00,IN-STORE,COMPLETED,AKL02-81,AKL02
1101,5,02a69c5c-30d7-4f84-9351-3e06727e4b89,2021-11-15 03:58:00,IN-STORE,COMPLETED,MEL01-19,MEL01
884,4,02a7de1a-9375-424b-a8a2-9fd4dae24eef,2021-12-18 03:20:00,IN-STORE,COMPLETED,CBR01-174,CBR01
502,2,02a9d59c-f0ca-4e55-b043-415d182cc09f,2021-11-21 00:37:00,IN-STORE,COMPLETED,AKL02-10,AKL02
3517,8,02aac2c6-4a92-41b9-9ea7-5aa911a70e66,2021-11-12 03:19:00,IN-STORE,COMPLETED,SYD01-474,SYD01
1672,5,02aaf9ac-7289-4308-b1f1-82d557897e5d,2021-11-20 01:14:00,IN-STORE,PENDING,MEL01-703,MEL01
3711,8,02ab2cd3-0c2d-4c9a-bdb4-a9e7f11a053c,2021-11-25 08:46:00,IN-STORE,COMPLETED,SYD01-649,SYD01
894,4,02ab4fa0-de0c-45e5-aada-5a06888bbadd,2021-10-30 22:44:00,IN-STORE,COMPLETED,CBR01-183,CBR01
535,2,02aba90c-84cf-4b3e-a315-b34b628d68c4,2021-12-18 02:47:00,IN-STORE,COMPLETED,AKL02-4,AKL02
554,2,02ac9308-1104-429d-b4a7-6f1ff8fa5048,2021-10-19 23:30:00,IN-STORE,CANCELED,AKL02-57,AKL02
1623,5,02ace3db-893d-49d6-9673-3bf647e29a3a,2021-12-27 06:31:00,IN-STORE,COMPLETED,MEL01-66,MEL01
1686,5,02ad198b-2736-44fd-ad97-405ebbdb1111,2021-12-09 06:01:00,IN-STORE,COMPLETED,MEL01-716,MEL01
821,4,02adabc7-4292-4e29-b0dd-9d1c5eed5e0d,2021-12-28 21:46:00,IN-STORE,COMPLETED,CBR01-117,CBR01
3762,8,02adeede-ccf5-45b0-9026-400d861a9a8f,2021-12-19 23:18:00,IN-STORE,COMPLETED,SYD01-695,SYD01
2251,6,02b074f0-84b9-4830-88b4-da4fb5cdc95d,2021-10-25 05:57:00,IN-STORE,COMPLETED,MEL02-46,MEL02
1275,5,02b1ef16-708d-4ad5-ab68-df126a4cfa8f,2021-11-09 23:33:00,IN-STORE,PENDING,MEL01-346,MEL01
589,2,02b32c4f-afc7-4c12-b5ca-3ebcd8b37f92,2021-10-16 03:57:00,IN-STORE,COMPLETED,AKL02-89,AKL02
3471,8,02b42f38-2cd3-4eaf-bc2b-d765a7837dda,2021-10-17 23:34:00,IN-STORE,COMPLETED,SYD01-432,SYD01
3269,8,02b5b2d1-00bd-40e0-a608-510e0b43e778,2021-10-20 09:56:00,IN-STORE,COMPLETED,SYD01-250,SYD01
2613,7,02b70365-ae81-4f9a-b74e-5596dcfc3783,2021-11-06 09:32:00,IN-STORE,COMPLETED,PER01-11,PER01
3417,8,02b748f6-31c4-4920-8ff6-2d2a0b59cd3d,2021-12-07 07:21:00,IN-STORE,COMPLETED,SYD01-384,SYD01
2844,7,02b881c8-a712-4f32-8d98-a26ff8b35190,2021-10-11 05:34:00,IN-STORE,COMPLETED,PER01-318,PER01
1361,5,02b9bd1a-e338-4a6b-979d-8abc839d2bba,2021-12-12 21:51:00,IN-STORE,COMPLETED,MEL01-423,MEL01
1160,5,02bac1d1-c5d6-4a33-944d-383bca5cb560,2021-10-17 22:58:00,IN-STORE,COMPLETED,MEL01-242,MEL01
207,1,02bb6041-760a-44a0-ba5f-aff19095bd6c,2021-12-13 02:21:00,IN-STORE,COMPLETED,AKL01-285,AKL01
1625,5,02bbe2aa-46f2-4622-8a2f-ff32f5a2025a,2021-10-16 22:17:00,IN-STORE,COMPLETED,MEL01-661,MEL01
2057,6,02bc285f-5cd9-40c7-be52-4d5ed52358ae,2021-11-26 08:59:00,IN-STORE,COMPLETED,MEL02-285,MEL02
1273,5,02bc61d2-0f68-455c-8ad6-d155e11d62ab,2021-10-28 05:00:00,IN-STORE,COMPLETED,MEL01-344,MEL01
925,4,02bcdac3-e831-4279-be4a-de48787ef4b0,2021-10-21 23:45:00,IN-STORE,PENDING,CBR01-30,CBR01
2904,7,02bd3c54-9ca2-4b56-8595-dad64127555a,2021-12-29 05:15:00,IN-STORE,COMPLETED,PER01-372,PER01
3303,8,02bdf228-202d-4bf7-8b38-2c8a37fa59b9,2021-11-07 03:10:00,IN-STORE,COMPLETED,SYD01-281,SYD01
4268,9,02bef100-b9d2-4667-8937-bd27406f66e0,2021-12-12 20:16:00,IN-STORE,COMPLETED,WLG01-475,WLG01
537,2,02bf24da-f65d-4524-9e7d-445ca096d29a,2021-12-10 03:03:00,IN-STORE,CANCELED,AKL02-41,AKL02
1367,5,02c12a39-c37c-40f9-abdf-9d323f52d8bc,2021-12-03 06:43:00,IN-STORE,COMPLETED,MEL01-429,MEL01
4489,9,02c17179-9357-407b-a809-e1e955b59935,2021-12-10 20:19:00,IN-STORE,COMPLETED,WLG01-674,WLG01
3067,7,02c1c43b-9932-4ab0-b1ad-c0c84f2cda10,2021-12-08 02:45:00,IN-STORE,CANCELED,PER01-69,PER01
2726,7,02c1dc32-6ee8-4453-90fd-05e5a45031bc,2021-12-23 23:37:00,IN-STORE,CANCELED,PER01-211,PER01
3446,8,02c1ddd8-5e92-4576-8dd3-44aad11e94f9,2021-10-03 06:57:00,IN-STORE,COMPLETED,SYD01-41,SYD01
3309,8,02c23037-d559-4207-b5dc-b57e7788f9a3,2021-12-17 23:57:00,IN-STORE,COMPLETED,SYD01-287,SYD01
566,2,02c2d19d-b2e5-4e90-a4f6-02571c5a2b0b,2021-12-16 22:31:00,IN-STORE,COMPLETED,AKL02-68,AKL02
3419,8,02c3012e-28ff-45e1-a114-99b30b97ba9e,2021-12-30 23:58:00,IN-STORE,COMPLETED,SYD01-386,SYD01
3723,8,02c31d17-e7aa-4ea3-b3e7-6e439238c586,2021-11-19 07:50:00,IN-STORE,COMPLETED,SYD01-66,SYD01
3386,8,02c329f9-bf1d-49d0-bea9-a08d2facde8d,2021-10-26 23:30:00,IN-STORE,CANCELED,SYD01-356,SYD01
1007,5,02c34c87-465d-4304-b6e6-d1f0f100bf68,2021-11-24 06:55:00,IN-STORE,COMPLETED,MEL01-104,MEL01
1998,6,02c3c230-ea34-4b28-a203-8c207563a19d,2021-10-16 20:22:00,IN-STORE,COMPLETED,MEL02-231,MEL02
2879,7,02c40b95-c25a-49c3-9783-a80c79355266,2021-12-13 02:44:00,IN-STORE,COMPLETED,PER01-35,PER01
653,3,02c45127-5f6d-49e6-a3f9-00cf8f2e7d29,2021-11-25 02:48:00,IN-STORE,COMPLETED,BNE02-146,BNE02
3595,8,02c4fe77-95d3-4487-8cee-cca6734b1eed,2021-10-23 06:05:00,IN-STORE,COMPLETED,SYD01-544,SYD01
548,2,02c517fa-32e8-4dd3-9e12-2036507519a9,2021-10-11 22:55:00,IN-STORE,COMPLETED,AKL02-51,AKL02
3659,8,02c5751c-ad2c-4e55-b59a-9736924e2a49,2021-11-05 09:40:00,IN-STORE,CANCELED,SYD01-601,SYD01
1458,5,02c77c9b-157e-4b52-a73c-f7900a82a952,2021-12-16 22:14:00,IN-STORE,PENDING,MEL01-510,MEL01
2878,7,02c9260d-d2ff-4c6b-96e7-ebf0460c3479,2021-12-12 02:18:00,IN-STORE,COMPLETED,PER01-349,PER01
1425,5,02c9f321-05ba-4aa1-9bb3-bd7797ee62d3,2021-12-20 01:35:00,IN-STORE,COMPLETED,MEL01-481,MEL01
3165,8,02ca76bb-97ff-4978-87c7-c0815590decc,2021-11-25 02:05:00,IN-STORE,COMPLETED,SYD01-157,SYD01
545,2,02cb12b6-136c-4bce-8c8f-0f359a223398,2021-12-28 00:29:00,IN-STORE,COMPLETED,AKL02-49,AKL02
4385,9,02cb4ef6-011a-4b7e-960c-03c090d3953c,2021-11-20 01:17:00,IN-STORE,COMPLETED,WLG01-580,WLG01
2761,7,02ced61c-d26a-4cb3-8f7e-c8ac4e82471e,2021-11-08 04:48:00,IN-STORE,COMPLETED,PER01-243,PER01
3442,8,02cfc44c-ae99-437a-8635-cabc83d3355b,2021-11-08 01:06:00,IN-STORE,COMPLETED,SYD01-406,SYD01
4175,9,02d07de0-309e-401e-a779-42f31b5e54d7,2021-10-15 00:12:00,IN-STORE,PENDING,WLG01-391,WLG01
3577,8,02d0b8e5-fd58-4459-84b7-99bd3b26eae1,2022-01-01 22:31:00,IN-STORE,COMPLETED,SYD01-528,SYD01
2941,7,02d137a5-a27f-40da-8a66-2b4df7fa69cc,2021-11-18 01:46:00,IN-STORE,PENDING,PER01-405,PER01
50,1,02d2793b-1ad5-4523-8143-42cf7d47a66c,2021-10-06 22:21:00,IN-STORE,COMPLETED,AKL01-143,AKL01
1593,5,02d2a062-a398-4455-954e-c424f9cc93b3,2021-12-13 02:33:00,IN-STORE,CANCELED,MEL01-632,MEL01
576,2,02d341f8-f436-4b00-aae6-19ed8da254fa,2021-10-13 02:47:00,ONLINE,COMPLETED,AKL02-77,AKL02
536,2,02d3d235-c431-44fd-9f23-4a074863e957,2021-10-24 02:52:00,IN-STORE,COMPLETED,AKL02-40,AKL02
502,2,02d44862-2cc6-4b91-95c2-272a011e0030,2021-11-28 21:27:00,IN-STORE,CANCELED,AKL02-10,AKL02
1818,5,02d635fe-c079-432a-9771-8da7ca0b0d63,2021-12-07 03:15:00,ONLINE,CANCELED,MEL01-835,MEL01
570,2,02d88f9f-12d6-42ba-98f2-d90754c2d3b2,2021-11-27 21:59:00,IN-STORE,COMPLETED,AKL02-71,AKL02
3541,8,02d9a067-742f-43a1-88b4-f9293ded654c,2022-01-04 22:32:00,IN-STORE,COMPLETED,SYD01-496,SYD01
819,4,02da0523-a5e5-4f40-9a6b-a3b050463539,2021-12-12 22:11:00,IN-STORE,COMPLETED,CBR01-115,CBR01
964,4,02db9d67-041b-41f1-a863-8254833bb124,2021-12-10 00:01:00,IN-STORE,COMPLETED,CBR01-66,CBR01
3473,8,02dce2a8-f3f9-47e0-b8ec-5c4a36e4393f,2021-12-07 02:26:00,IN-STORE,COMPLETED,SYD01-434,SYD01
1638,5,02dd140d-76a0-4fb9-a76b-5be9a1648a72,2021-12-09 21:26:00,IN-STORE,COMPLETED,MEL01-673,MEL01
1133,5,02dd2917-fbce-42a9-af96-355f20ac5c43,2021-12-14 04:29:00,IN-STORE,COMPLETED,MEL01-218,MEL01
1594,5,02dd47e0-628c-4834-87f6-42516133e8ed,2021-10-23 22:27:00,IN-STORE,COMPLETED,MEL01-633,MEL01
3751,8,02df2f4b-4ae4-4274-af03-a1349a06bbd1,2021-11-03 02:15:00,IN-STORE,COMPLETED,SYD01-685,SYD01
2989,7,02df951f-ec15-4798-add4-7483b0554209,2021-12-15 23:27:00,IN-STORE,COMPLETED,PER01-449,PER01
1251,5,02e10e45-9527-4737-b6f1-f87086adf010,2021-11-28 06:43:00,IN-STORE,COMPLETED,MEL01-324,MEL01
560,2,02e2eef6-b9ae-4345-9e42-e89484fa1fea,2021-10-16 23:12:00,IN-STORE,CANCELED,AKL02-62,AKL02
618,3,02e442b7-e5d5-4084-bfe2-37cd70fa7c48,2021-10-03 08:20:00,IN-STORE,COMPLETED,BNE02-114,BNE02
1164,5,02e4d3df-5856-4505-b449-61b6c3f5caf6,2021-11-26 02:24:00,IN-STORE,CANCELED,MEL01-246,MEL01
3586,8,02e4f613-daaa-4bf1-aded-a00fdee7c63c,2021-12-17 22:05:00,IN-STORE,COMPLETED,SYD01-536,SYD01
1652,5,02e5f24b-6f2d-407d-bf77-2b83b163a7bb,2021-12-21 02:50:00,IN-STORE,COMPLETED,MEL01-686,MEL01
4523,9,02e656d4-2093-45d5-af53-42d594dba058,2021-11-20 03:33:00,IN-STORE,COMPLETED,WLG01-704,WLG01
3072,7,02e72ed2-59d9-4470-9311-70d88c3a441b,2021-10-17 10:29:00,IN-STORE,COMPLETED,PER01-73,PER01
3425,8,02e97add-9616-4da7-bf56-94ce67c4add7,2021-11-19 23:03:00,IN-STORE,COMPLETED,SYD01-391,SYD01
584,2,02e9e24a-1a7c-475f-b409-d416c865c1c1,2021-12-19 22:26:00,IN-STORE,COMPLETED,AKL02-84,AKL02
4267,9,02e9f063-3553-4931-9ff4-71fa5c8e7163,2021-12-25 19:14:00,IN-STORE,COMPLETED,WLG01-474,WLG01
3551,8,02eb6752-516a-4144-b0a0-afb6e43d8ec1,2021-11-21 23:53:00,ONLINE,COMPLETED,SYD01-504,SYD01
564,2,02ecc6ab-53a5-438d-a1cc-2968f181bf4a,2021-10-10 00:48:00,IN-STORE,COMPLETED,AKL02-66,AKL02
1112,5,02f146a2-d292-4a9e-b4d3-4d7378572dd6,2021-11-28 23:10:00,IN-STORE,COMPLETED,MEL01-2,MEL01
4296,9,02f1d626-8e04-4dcf-96b5-aad8e1845cfc,2021-12-16 20:04:00,IN-STORE,PENDING,WLG01-50,WLG01
2885,7,02f4ab46-aed6-4d5b-8071-dccfc04bd8d5,2021-10-31 04:44:00,IN-STORE,COMPLETED,PER01-355,PER01
2776,7,02f5bc23-b1ff-40aa-b500-dfb2e740f80c,2021-11-10 05:27:00,IN-STORE,COMPLETED,PER01-257,PER01
1743,5,02f5f49a-19ab-4d44-9057-9d279e89746f,2021-11-15 02:52:00,ONLINE,COMPLETED,MEL01-768,MEL01
3480,8,02f61eeb-70ab-4407-abab-e26c7b530e57,2022-01-06 23:50:00,IN-STORE,COMPLETED,SYD01-440,SYD01
2797,7,02f7043b-a047-49e0-9d8a-d150a6449a4e,2021-11-18 07:05:00,IN-STORE,CANCELED,PER01-276,PER01
818,4,02f72777-5989-47ee-8761-98b322c5b0a4,2021-10-29 02:31:00,IN-STORE,COMPLETED,CBR01-114,CBR01
3330,8,02f792d2-1145-4c3d-8f3d-5393b44e0d6a,2021-12-24 08:03:00,IN-STORE,CANCELED,SYD01-305,SYD01
888,4,02f84d10-6177-4575-a458-3c29f5be5e8c,2021-12-18 08:15:00,IN-STORE,COMPLETED,CBR01-178,CBR01
3295,8,02fa5ae4-a368-48e9-8790-478dafae9eaa,2021-12-31 23:10:00,IN-STORE,COMPLETED,SYD01-274,SYD01
1114,5,02fb4967-3acf-48d9-8fc0-2f905924bfa8,2021-10-31 06:28:00,IN-STORE,COMPLETED,MEL01-200,MEL01
1602,5,02fd2999-6a87-434e-a271-8706f1b40467,2021-10-02 07:13:00,IN-STORE,COMPLETED,MEL01-640,MEL01
3607,8,02fe294a-1c1e-4fc1-ad55-985c4adfb3f5,2021-10-02 07:31:00,IN-STORE,COMPLETED,SYD01-555,SYD01
2634,7,02ff7034-ac8b-4734-859e-8fbee1e33df0,2021-11-07 04:34:00,IN-STORE,COMPLETED,PER01-129,PER01
577,2,03014474-8324-43d1-b63d-9bebbec8f077,2021-12-24 02:36:00,IN-STORE,COMPLETED,AKL02-78,AKL02
588,2,03017a2c-c4cb-4f78-8c92-49a50ae900cc,2021-11-08 00:50:00,IN-STORE,COMPLETED,AKL02-88,AKL02
3715,8,03019462-47c9-434c-8be2-d5a31018c522,2021-12-30 06:16:00,IN-STORE,COMPLETED,SYD01-652,SYD01
3121,8,0303d52d-4e11-4feb-9811-1a42a905cecc,2021-10-19 23:04:00,IN-STORE,COMPLETED,SYD01-117,SYD01
1350,5,03057066-8207-4d52-8df3-8d90fd6e9d00,2021-10-07 01:48:00,IN-STORE,COMPLETED,MEL01-413,MEL01
1843,5,0306e76a-54cb-4dea-a532-a42774b5d07c,2021-12-31 05:44:00,IN-STORE,COMPLETED,MEL01-92,MEL01
1097,5,03073909-d887-4ce3-914f-3948981972c7,2021-09-30 23:29:00,IN-STORE,COMPLETED,MEL01-186,MEL01
3244,8,030760a7-96f4-4602-af7b-24082bb5f818,2021-11-07 06:18:00,ONLINE,PENDING,SYD01-228,SYD01
3166,8,030980a1-1f6b-4fa6-9cf7-fdddd7cc4e49,2021-12-27 09:54:00,IN-STORE,CANCELED,SYD01-158,SYD01
1014,5,030aae32-6b98-4cfc-8d36-9aed9d4846be,2021-12-09 06:30:00,IN-STORE,COMPLETED,MEL01-110,MEL01
2737,7,030b8d09-42d0-4025-a349-3bddad27f0fc,2021-10-18 10:58:00,IN-STORE,COMPLETED,PER01-221,PER01
3358,8,030be088-4072-4a93-85bf-212713e0b147,2021-10-05 04:37:00,IN-STORE,COMPLETED,SYD01-330,SYD01
852,4,030cdc51-1d35-42a1-acde-60f03612be18,2021-10-26 02:25:00,IN-STORE,PENDING,CBR01-145,CBR01
831,4,030e0e13-07dc-4ffc-bcf5-710dd274b597,2021-11-28 07:37:00,IN-STORE,COMPLETED,CBR01-126,CBR01
4466,9,030ed9a0-74ab-44da-a0a5-15ebb1e956f0,2021-11-30 23:34:00,IN-STORE,COMPLETED,WLG01-653,WLG01
4338,9,030ffb96-1995-4bf5-bd12-aece5364b26b,2021-10-05 00:17:00,IN-STORE,COMPLETED,WLG01-538,WLG01
1121,5,03100670-5068-4a00-8489-8245c3c3cafa,2021-11-26 06:45:00,IN-STORE,COMPLETED,MEL01-207,MEL01
1329,5,03115c28-29b4-4231-885e-4915c02bba01,2021-10-16 04:08:00,IN-STORE,COMPLETED,MEL01-395,MEL01
3412,8,0311aaea-8f03-4ba5-81b4-f8c1e9008772,2021-12-01 00:06:00,IN-STORE,COMPLETED,SYD01-38,SYD01
1761,5,0311c475-656d-4ce3-958d-b19bf37b5e60,2021-10-04 22:40:00,IN-STORE,COMPLETED,MEL01-784,MEL01
3160,8,03121938-a55e-4033-b7ee-6671aa28e733,2021-10-16 01:28:00,IN-STORE,PENDING,SYD01-152,SYD01
618,3,031587a3-9bd1-4607-8a88-856c6b5199d1,2021-11-20 07:26:00,IN-STORE,COMPLETED,BNE02-114,BNE02
1592,5,0316502b-bcfe-4d01-b9ed-59168a76780e,2021-12-20 21:44:00,IN-STORE,COMPLETED,MEL01-631,MEL01
2710,7,0317b7ca-cd38-41b8-a445-46d6f230bf8d,2021-10-25 02:27:00,IN-STORE,COMPLETED,PER01-198,PER01
4598,9,0318f04d-1ff2-4589-8dcc-a3c3eb75b8a5,2021-10-25 01:51:00,IN-STORE,COMPLETED,WLG01-772,WLG01
719,3,03199fcf-8834-43df-8536-830a50553557,2021-11-28 06:17:00,IN-STORE,COMPLETED,BNE02-25,BNE02
2790,7,031b0aa3-0a1e-42c2-ac95-e0a33796e9ab,2021-10-20 02:19:00,IN-STORE,CANCELED,PER01-27,PER01
3403,8,031b0ef7-461a-45c1-849c-992397224762,2021-11-13 23:53:00,IN-STORE,COMPLETED,SYD01-371,SYD01
3581,8,031b5257-8954-40c6-96fd-99f441a64084,2021-11-25 06:06:00,IN-STORE,COMPLETED,SYD01-531,SYD01
523,2,031bb7e8-0472-4ce6-a4e5-59348f28671a,2021-12-19 02:52:00,IN-STORE,CANCELED,AKL02-29,AKL02
3951,9,031cb7a8-b072-4945-9571-143860eb75f8,2021-12-26 23:44:00,IN-STORE,COMPLETED,WLG01-19,WLG01
3678,8,031f1535-eb3e-4a2b-b22b-eef734c1f752,2021-12-31 02:33:00,IN-STORE,COMPLETED,SYD01-619,SYD01
918,4,0320d5ed-221a-40da-8c61-1d73a9fa2806,2021-12-26 21:37:00,IN-STORE,CANCELED,CBR01-24,CBR01
1745,5,0320ec87-cbb8-4f9b-9446-1b34f774f4c0,2021-12-11 02:32:00,IN-STORE,COMPLETED,MEL01-77,MEL01
3784,8,032148db-763a-4d05-8af5-58f22e9deea0,2021-11-01 07:21:00,IN-STORE,COMPLETED,SYD01-714,SYD01
1271,5,0321d954-a675-4826-86e8-49c4b7ec8112,2021-10-21 03:46:00,IN-STORE,COMPLETED,MEL01-342,MEL01
510,2,0322835e-9ee7-4f9b-8b30-0a1583ed0628,2021-11-04 03:16:00,IN-STORE,COMPLETED,AKL02-17,AKL02
564,2,03232c79-f3c5-41c3-878c-6b44e501c6fa,2021-10-16 00:07:00,ONLINE,COMPLETED,AKL02-66,AKL02
552,2,03246e68-47be-43a9-a53f-d0c4b1fd6beb,2021-11-07 00:59:00,IN-STORE,COMPLETED,AKL02-55,AKL02
3212,8,0325061b-80e2-476c-8036-e51f53125a23,2021-11-13 07:45:00,IN-STORE,COMPLETED,SYD01-2,SYD01
557,2,03255d8b-c2b4-4f86-949b-c966924e5e5c,2021-11-29 00:46:00,IN-STORE,COMPLETED,AKL02-6,AKL02
3361,8,032633ab-7b29-48c4-b208-91a5e39fd17c,2021-11-20 06:39:00,IN-STORE,COMPLETED,SYD01-333,SYD01
798,3,03277765-f00c-4ffa-bcdd-d88cbc24e996,2021-12-01 23:56:00,IN-STORE,COMPLETED,BNE02-97,BNE02
1440,5,0327cbe3-300c-4890-8afe-2c03916efd73,2021-11-20 02:50:00,IN-STORE,COMPLETED,MEL01-495,MEL01
723,3,0327dcf8-1d0a-4279-a260-9a92974b0224,2021-10-12 01:25:00,IN-STORE,COMPLETED,BNE02-29,BNE02
109,1,032869d6-deed-49a7-a435-ec7b8e100108,2021-10-24 20:09:00,IN-STORE,PENDING,AKL01-197,AKL01
3295,8,0328b44d-2b51-4e0a-857d-0e593d6d0c90,2021-12-24 02:16:00,IN-STORE,COMPLETED,SYD01-274,SYD01
1670,5,0328e107-2c72-4def-bce5-43cfae74840f,2021-11-11 01:38:00,IN-STORE,COMPLETED,MEL01-701,MEL01
818,4,03298e67-ac13-48de-96f5-85b9d09b6bcf,2021-12-16 06:08:00,IN-STORE,COMPLETED,CBR01-114,CBR01
240,1,032a32df-39a9-413d-b930-8471d9e3cd97,2021-11-09 20:58:00,IN-STORE,COMPLETED,AKL01-314,AKL01
1646,5,032addd1-9b85-4e23-8cc2-7b00266cbd1d,2021-10-01 02:49:00,IN-STORE,COMPLETED,MEL01-680,MEL01
508,2,032ae7d4-8e48-4659-b84c-9ffff7680426,2021-10-24 01:12:00,IN-STORE,COMPLETED,AKL02-15,AKL02
4280,9,032ba65d-654d-4145-828d-6478127941d1,2021-12-20 19:37:00,IN-STORE,PENDING,WLG01-486,WLG01
1326,5,032ee78f-0816-4af6-be77-59957b2d1b9b,2021-12-09 01:21:00,IN-STORE,COMPLETED,MEL01-392,MEL01
2864,7,032f2bae-c023-4d2a-bc85-8e78d7ef64c6,2021-10-31 11:55:00,IN-STORE,COMPLETED,PER01-336,PER01
517,2,03301902-84ae-4ea3-9dbe-5b115a27c527,2021-10-11 23:18:00,IN-STORE,COMPLETED,AKL02-23,AKL02
2851,7,0330e863-37c7-4ecd-b023-14f4c93ab66d,2021-10-09 05:35:00,IN-STORE,COMPLETED,PER01-324,PER01
3945,9,03318db1-2572-49f6-8549-07099e540966,2021-10-14 00:20:00,IN-STORE,CANCELED,WLG01-184,WLG01
3616,8,03318fe4-3151-4f7d-abe1-81b97e0a713e,2021-12-28 00:30:00,IN-STORE,COMPLETED,SYD01-563,SYD01
2818,7,0334487c-7618-40fa-8691-353ab16c0a5b,2021-12-26 00:44:00,IN-STORE,COMPLETED,PER01-295,PER01
1004,5,03378bd7-8998-4b0a-a4f3-86a2cfd31ee8,2021-10-05 03:33:00,IN-STORE,COMPLETED,MEL01-101,MEL01
529,2,03383d8b-05d5-435f-adde-642a9ea777e1,2021-11-05 00:05:00,IN-STORE,COMPLETED,AKL02-34,AKL02
1275,5,0338f428-579c-4dc4-b8df-97b4b4b8f5ca,2021-11-30 23:33:00,IN-STORE,PENDING,MEL01-346,MEL01
2014,6,03395252-a2f7-41a8-b2a1-d565c3c9d3e4,2021-10-13 17:51:00,IN-STORE,COMPLETED,MEL02-246,MEL02
3987,9,033aaa05-0b4a-4660-893f-49c1f4a5ac87,2021-10-14 19:08:00,IN-STORE,COMPLETED,WLG01-221,WLG01
2939,7,033b8c6b-a44f-4016-afc2-3540687c5529,2021-12-08 22:57:00,IN-STORE,COMPLETED,PER01-403,PER01
515,2,033c4bf5-00d9-485a-ba17-36c149b173ec,2021-12-04 00:52:00,IN-STORE,COMPLETED,AKL02-21,AKL02
3810,8,033c5987-ee42-4242-88a6-3d50f7ca74eb,2021-12-17 06:09:00,IN-STORE,COMPLETED,SYD01-738,SYD01
821,4,033dca7d-88e9-485e-a38c-f39e32b3d90c,2021-11-29 21:46:00,IN-STORE,COMPLETED,CBR01-117,CBR01
993,4,034065de-76c4-4ee3-bf51-9707077d5f15,2021-10-05 06:04:00,IN-STORE,CANCELED,CBR01-92,CBR01
1138,5,0342c76a-e1ab-484e-a490-cf3ccaf7ee0c,2021-11-29 02:19:00,IN-STORE,COMPLETED,MEL01-222,MEL01
281,1,0342d001-657a-4cd1-b220-e9ff88c990ff,2021-10-18 01:52:00,IN-STORE,CANCELED,AKL01-351,AKL01
1290,5,0343f82b-6515-4fa5-a0d6-d3165292c5ab,2021-11-02 07:20:00,IN-STORE,COMPLETED,MEL01-36,MEL01
722,3,0346123b-8914-4ea7-8444-c915b3df0998,2021-12-02 08:08:00,IN-STORE,COMPLETED,BNE02-28,BNE02
1615,5,0347e526-0b6d-4aa2-ab5d-1c00f24bf6e6,2021-10-01 08:21:00,IN-STORE,COMPLETED,MEL01-652,MEL01
1291,5,0348208c-7394-4439-a3bc-5d1d013bc735,2021-11-05 06:21:00,ONLINE,COMPLETED,MEL01-360,MEL01
1095,5,03485e3d-002e-4fcf-a529-f0b76e8a5d0e,2021-12-23 01:07:00,ONLINE,COMPLETED,MEL01-184,MEL01
1112,5,034934d3-bfdf-494c-abdd-5de8c5303e8b,2021-11-02 01:29:00,IN-STORE,PENDING,MEL01-2,MEL01
2986,7,034988df-7109-4b4f-a033-a06cdd3ac173,2021-11-17 02:17:00,IN-STORE,COMPLETED,PER01-446,PER01
3114,8,0349e8c4-f741-4672-b9bf-534aa29de51a,2021-10-02 07:29:00,IN-STORE,COMPLETED,SYD01-110,SYD01
4289,9,034a2f05-b506-48ac-bcd7-b0241a1d6bab,2021-12-23 19:10:00,IN-STORE,COMPLETED,WLG01-494,WLG01
556,2,034a5114-d4ad-40c6-ba33-aa5e77ebf6b8,2021-11-02 01:57:00,IN-STORE,COMPLETED,AKL02-59,AKL02
907,4,034b3679-18f2-4ea6-b453-69448980f558,2021-10-07 06:04:00,IN-STORE,COMPLETED,CBR01-195,CBR01
693,3,034bd03d-dc98-4edb-8c14-4c5c419998f7,2021-11-08 05:30:00,IN-STORE,COMPLETED,BNE02-182,BNE02
1141,5,034e0a3c-38bb-496b-b345-00fb5a1c615d,2021-10-19 02:47:00,IN-STORE,COMPLETED,MEL01-225,MEL01
1518,5,034e2c5c-560b-42ec-9323-a7d1a90a22ea,2021-10-24 02:07:00,IN-STORE,CANCELED,MEL01-565,MEL01
636,3,034e8450-7950-44de-b060-e71ce46c05b5,2021-12-15 05:44:00,IN-STORE,COMPLETED,BNE02-130,BNE02
1953,6,034ec502-b3e5-4195-a0ca-b1ce55d6d38d,2021-12-21 22:15:00,IN-STORE,PENDING,MEL02-191,MEL02
2990,7,034edc25-dfe9-4d62-b178-0bff01fba79a,2021-12-23 11:37:00,IN-STORE,COMPLETED,PER01-45,PER01
550,2,035067e0-f446-435e-96d6-8243d540c801,2021-10-13 00:28:00,IN-STORE,PENDING,AKL02-53,AKL02
3651,8,035083f2-de2f-4566-b9cd-b88dc761c358,2021-12-01 03:00:00,IN-STORE,CANCELED,SYD01-595,SYD01
966,4,035150f6-7b52-41ef-acd7-2cbe3d212a19,2021-12-11 05:37:00,IN-STORE,COMPLETED,CBR01-68,CBR01
558,2,03516eb2-de23-430a-9424-4ef652b92107,2021-10-01 00:31:00,IN-STORE,COMPLETED,AKL02-60,AKL02
1220,5,03538050-75a2-4516-8286-17f87298dc1b,2021-10-04 21:17:00,IN-STORE,COMPLETED,MEL01-297,MEL01
561,2,0353df40-d257-410b-ba73-4f720edaf623,2021-10-13 02:14:00,IN-STORE,COMPLETED,AKL02-63,AKL02
331,1,03546d86-fbe0-4b98-b8fd-1a0b289ee6ee,2021-11-03 02:53:00,IN-STORE,PENDING,AKL01-397,AKL01
122,1,0354d797-6ad3-4164-a68d-0ab71885bb3b,2021-10-27 23:41:00,IN-STORE,COMPLETED,AKL01-208,AKL01
1788,5,0354e3f6-a82d-4dce-8e15-9aed528808eb,2021-11-30 22:35:00,IN-STORE,COMPLETED,MEL01-808,MEL01
278,1,035564a3-1998-464c-b8d2-a707548f9dbb,2021-11-07 00:40:00,IN-STORE,COMPLETED,AKL01-349,AKL01
1232,5,0355a368-0ff5-4609-ad79-2de4490615d0,2021-11-15 23:57:00,IN-STORE,COMPLETED,MEL01-307,MEL01
3731,8,03568300-c21b-44c2-9c9d-dc962f87ec01,2021-10-15 07:45:00,IN-STORE,COMPLETED,SYD01-667,SYD01
4024,9,03568c0d-4765-4a23-8fac-28d88cfd27c8,2021-12-13 23:14:00,IN-STORE,COMPLETED,WLG01-255,WLG01
3247,8,0356f8e9-3dea-4681-b807-4bd6a679f073,2021-10-28 23:09:00,IN-STORE,COMPLETED,SYD01-230,SYD01
3283,8,0357ac71-f028-48e1-b366-305805d2858a,2021-11-03 03:17:00,IN-STORE,COMPLETED,SYD01-263,SYD01
3856,9,035a21e6-907a-4d7d-808a-8b0c2aad8807,2021-10-14 03:42:00,IN-STORE,COMPLETED,WLG01-103,WLG01
910,4,035a8ed7-50fa-4e6f-9dc5-807a695593c6,2021-11-12 22:38:00,ONLINE,COMPLETED,CBR01-198,CBR01
568,2,035abb76-3e29-4261-892e-ea88752aa9c4,2021-11-07 00:41:00,IN-STORE,COMPLETED,AKL02-7,AKL02
2984,7,035b7e9e-75ea-48cb-b646-c870f1c9c56d,2021-11-18 07:31:00,IN-STORE,COMPLETED,PER01-444,PER01
3043,7,035c7b0b-7d90-4c20-8210-01280a9765ed,2021-10-30 07:54:00,IN-STORE,COMPLETED,PER01-498,PER01
4638,9,035d21be-8153-474a-805b-d53e50533613,2021-09-30 20:35:00,IN-STORE,COMPLETED,WLG01-88,WLG01
1794,5,035df617-c993-47f2-a0e8-d980f4e761c1,2021-11-15 02:30:00,IN-STORE,COMPLETED,MEL01-813,MEL01
216,1,035e02bb-9459-4f5d-b932-f6b51763bff4,2021-10-01 22:10:00,IN-STORE,COMPLETED,AKL01-293,AKL01
2829,7,035e5583-4783-4903-a757-10d6c3600c8b,2021-11-29 07:22:00,IN-STORE,CANCELED,PER01-304,PER01
3625,8,035f0371-6875-4947-940b-2ae55efa55dc,2021-10-13 01:15:00,IN-STORE,PENDING,SYD01-571,SYD01
2645,7,035f3530-f381-40c6-923a-b95fca1d0aa6,2021-10-23 11:04:00,IN-STORE,PENDING,PER01-139,PER01
3138,8,035f8d99-545e-479e-8981-7f2a919f5455,2022-01-02 02:49:00,IN-STORE,COMPLETED,SYD01-132,SYD01
570,2,0360bd48-96d8-4b9c-83a2-ecf170cc0dec,2021-11-18 03:27:00,IN-STORE,COMPLETED,AKL02-71,AKL02
